peaks_headset_vel_x,peaks_headset_vel_y,peaks_headset_vel_z,peaks_headset_angularVel_x,peaks_headset_angularVel_y,peaks_headset_angularVel_z,peaks_headset_pos_x,peaks_headset_pos_y,peaks_headset_pos_z,peaks_headset_rot_x,peaks_headset_rot_y,peaks_headset_rot_z,peaks_controller_left_vel_x,peaks_controller_left_vel_y,peaks_controller_left_vel_z,peaks_controller_left_angularVel_x,peaks_controller_left_angularVel_y,peaks_controller_left_angularVel_z,peaks_controller_left_pos_x,peaks_controller_left_pos_y,peaks_controller_left_pos_z,peaks_controller_left_rot_x,peaks_controller_left_rot_y,peaks_controller_left_rot_z,peaks_controller_right_vel_x,peaks_controller_right_vel_y,peaks_controller_right_vel_z,peaks_controller_right_angularVel_x,peaks_controller_right_angularVel_y,peaks_controller_right_angularVel_z,peaks_controller_right_pos_x,peaks_controller_right_pos_y,peaks_controller_right_pos_z,peaks_controller_right_rot_x,peaks_controller_right_rot_y,mean_headset_vel_x,mean_headset_vel_y,mean_headset_vel_z,mean_headset_angularVel_x,mean_headset_angularVel_y,mean_headset_angularVel_z,mean_headset_pos_x,mean_headset_pos_y,mean_headset_pos_z,mean_headset_rot_x,mean_headset_rot_y,mean_headset_rot_z,mean_controller_left_vel_x,mean_controller_left_vel_y,mean_controller_left_vel_z,mean_controller_left_angularVel_x,mean_controller_left_angularVel_y,mean_controller_left_angularVel_z,mean_controller_left_pos_x,mean_controller_left_pos_y,mean_controller_left_pos_z,mean_controller_left_rot_x,mean_controller_left_rot_y,mean_controller_left_rot_z,mean_controller_right_vel_x,mean_controller_right_vel_y,mean_controller_right_vel_z,mean_controller_right_angularVel_x,mean_controller_right_angularVel_y,mean_controller_right_angularVel_z,mean_controller_right_pos_x,mean_controller_right_pos_y,mean_controller_right_pos_z,mean_controller_right_rot_x,mean_controller_right_rot_y,std_headset_vel_x,std_headset_vel_y,std_headset_vel_z,std_headset_angularVel_x,std_headset_angularVel_y,std_headset_angularVel_z,std_headset_pos_x,std_headset_pos_y,std_headset_pos_z,std_headset_rot_x,std_headset_rot_y,std_headset_rot_z,std_controller_left_vel_x,std_controller_left_vel_y,std_controller_left_vel_z,std_controller_left_angularVel_x,std_controller_left_angularVel_y,std_controller_left_angularVel_z,std_controller_left_pos_x,std_controller_left_pos_y,std_controller_left_pos_z,std_controller_left_rot_x,std_controller_left_rot_y,std_controller_left_rot_z,std_controller_right_vel_x,std_controller_right_vel_y,std_controller_right_vel_z,std_controller_right_angularVel_x,std_controller_right_angularVel_y,std_controller_right_angularVel_z,std_controller_right_pos_x,std_controller_right_pos_y,std_controller_right_pos_z,std_controller_right_rot_x,std_controller_right_rot_y,user
44,23,58,67,96,99,41,26,45,68,88,120,25,24,55,76,61,82,23,23,32,47,56,84,23,23,58,70,64,87,22,23,34,56,62,-0.012451333232289157,0.005066331813922362,-0.006522977391244979,0.006121923285231593,0.021474965791834003,-0.0013089066382864789,-0.4102945886211512,0.10133455151773763,-0.21584769732262385,348.41368862115127,142.67871998951006,113.46593631236011,0.03780360986746988,-0.03394916992369477,-0.026022891461445787,1.6633179261874163,0.5734381515261044,0.5543334999919679,-0.8573043959839357,-0.04463519034488621,-0.18916862802677373,234.09114451178044,234.17742096251672,162.99712565053548,-0.06841836291432397,-0.013729196746987958,-0.026688254741767066,0.8312261816746986,-1.0593420678487284,-0.47518135579651943,0.030141570064645247,-0.014417625985676044,-0.19536685448460506,215.7194528038822,117.28496548862114,0.055294990221024874,0.8627911469869995,0.09827397131401405,0.7036763464764045,0.1720681554332445,0.25912093826628724,0.02899857683117819,0.06409496846839328,0.040830127366709365,3.613250499893079,174.60211671902303,166.07579041856079,1.7503966614388609,3.0193334478334233,0.5707380754266401,4.498345137382819,5.083805034244053,3.052602639598223,0.13300258737030138,0.38830491237822473,0.06288495815740655,126.23732505346474,77.9670991265866,139.894189224216,1.9394617009128752,3.1150007780166713,0.49803480695957597,5.115554322849762,4.715092192804279,2.739324754187224,0.15837139057238572,0.38869263442395446,0.06407491163264271,130.63341357480385,50.020246496413094,CAR
53,23,56,70,94,99,37,28,41,64,100,125,24,23,56,70,68,87,23,25,32,51,60,78,24,23,49,74,70,91,23,23,32,50,63,-0.004969112649625937,0.00806610393142145,-0.01326975655830424,0.005334319091396513,-0.014926532267942645,0.004488563546720701,-0.5020348051122195,0.05961863996695761,0.6607765354114714,346.7243210723192,75.12664410837905,221.9318022453691,0.0564928383553616,0.08962612935548628,-0.018908909708354116,1.2742898258753117,0.7765471590412718,0.6202994716246883,-0.9885640472568579,-0.11399451428877805,0.6526526150872817,222.05912294925187,235.04485513715713,178.03460323416456,-0.06441557024314215,0.10538697138403987,-0.038556665272568576,0.8746618080947629,-1.2743341959850374,-0.957010915946384,-0.03758541560773067,-0.11686907325,0.696058428179551,205.12283133885285,116.25058652119701,0.05370834630918255,0.9195289605563115,0.11185702307781992,0.8488241238450186,0.23132473122773983,0.2454446389082591,0.02794641934332054,0.071690471840763,0.06738707714982115,4.150616951083787,143.8828062673446,173.96810443146978,2.0395653710243153,3.1590931613007367,0.5302520364345621,4.752384028580637,5.03891245320294,2.808993025526503,0.16343755722099568,0.42472707854367936,0.08079068866317839,132.15666403933898,64.81323549546104,137.92691022027907,2.129035276688773,3.215228510870705,0.5766188859104717,4.9347740350180045,4.5981883527207525,2.83023322726916,0.17198532738158362,0.4275819270735269,0.09676092769211925,134.13776964494838,53.37205320039641,CAR
48,21,45,87,69,73,26,21,23,69,49,121,24,26,38,67,67,85,23,19,26,49,59,50,29,20,22,79,88,95,24,21,21,49,56,0.014768557606142473,-0.01653269239516129,-0.0016419705959811793,0.001374420783467744,0.018653607431465057,-0.01009045987903226,-0.01606599015658602,0.0629188262233871,-0.050251236661424725,350.47376936522846,328.96546948924737,286.3876503840041,0.0634375715783602,-0.12819063603360215,-0.013388713896505373,1.3157933767204302,1.0791179563709679,0.119497311952957,-0.3967334480376344,-0.10795220756760752,-0.37456324208333336,260.80377476172043,219.20792933602152,142.5615896808804,-0.002963572883064517,-0.11747069163172046,-0.07211702155376344,0.22857325158602151,-0.1831480271451613,1.9673008203225808,0.2795725116532258,-0.12210155256438171,0.268602770952957,200.87431573198927,304.1310436096774,0.06540462865633669,0.8568927709007367,0.11942626908928998,0.3688331543086967,0.2691211211598268,0.5314508145237412,0.06735426286097182,0.06864553966695727,0.09672908472075296,28.931585465150782,4.683630398081993,143.75434780364841,1.751214523022167,2.842477272581269,0.7189064149993247,4.5502601372107065,4.082699692423724,2.1435881253914584,0.1524783748146481,0.3954502197085743,0.12814024172560948,119.01035838486605,119.76985377617194,123.36903480763571,1.1391017916658317,3.0047511846762966,1.9354591965451389,5.773215920785007,2.5673170997204844,3.095488949837749,0.12715290246141175,0.4151477991397427,0.16972907428060482,142.9376574467375,78.00147090145664,URU
45,25,43,89,77,84,21,25,21,92,28,89,25,25,26,60,47,67,25,24,25,50,39,87,26,24,25,81,67,63,25,23,26,51,59,-0.001306393288844621,0.006803962980079678,0.0023573287645949526,-0.031037489307569728,-0.015321858275830016,0.00896067761500664,0.04137182584249668,0.050840605257343956,0.32856111381142095,138.29062194426297,339.7134272244356,295.5598283515206,0.026015461946879145,0.05067450808764942,-0.005476409366799472,0.6655457046132802,0.7168266085375831,-0.1744802305081009,-0.32195404730411686,-0.1480700078007968,0.02811919766507304,208.11407238937585,220.52492703851263,160.90431563176628,-0.0021299842841965523,0.03401813049800796,-0.02566435031075696,-0.24343627190305447,-1.6553659320225764,0.6260327289641434,0.38527639920318724,-0.1383630853647809,0.5528490443559098,214.44460589929616,96.64056586844622,0.0697849869555138,0.7542466584873856,0.10405827965115089,0.39554859258416614,0.4742926653223284,0.392017042825366,0.05238145009231044,0.05352724715731047,0.10139252734226084,168.7878707381277,13.789173087913817,135.77501295119478,1.6692534037074662,2.7807872346032005,0.92836900471835,3.8637553479437203,4.560580472636181,4.187477084315003,0.1252595589223218,0.31956460369763656,0.08194789134446882,137.36782581499787,58.94416545358816,151.98089514602196,1.2865598023382971,2.5973411389353913,1.2963268551550748,3.349641155471953,3.1367600298633076,5.195981327445706,0.09882521603525132,0.297843899517812,0.1494602806391097,138.6092887118628,108.00202210415534,QUI
56,32,66,87,68,80,28,32,32,72,33,99,31,22,37,74,55,79,31,16,28,51,48,97,32,30,32,96,83,55,32,23,32,62,54,0.008985660894089833,0.011316394750945627,0.005057971524940898,-0.015703898080378254,-0.0033590843472813283,0.00314013421394799,0.29200496182033103,0.05824732757352247,0.739335731678487,265.6025316518913,317.92788542978724,279.23037715750587,0.029940036220921982,-0.003993796328959815,-0.011985906121749412,0.4782920076122932,0.9932205434751774,0.48583331918723405,-0.1426012064821513,-0.2505320268299054,0.4904628264775414,179.2448411095272,251.45668657210402,275.3793079394681,0.0052817346572103996,-0.015960557942907804,-0.026543415112293148,0.1922001364030733,-1.7675978248345154,0.5317660713014185,0.6339805343971632,-0.23428546492328606,0.999664604964539,186.87451748379434,63.304061020094565,0.09428614249715375,0.7087495207035224,0.08019176932739973,0.5699160711118124,0.7062116475904076,0.574133410190907,0.05368603656245011,0.04599125513365402,0.052070392723441765,151.25916369438033,82.09152861196414,147.84340367958757,1.3876296101286913,2.6016715711199954,0.8144359755329816,4.811662287795348,3.9001883731725537,3.315941765688774,0.08610452980996341,0.27153121577581735,0.08231035109568535,143.1372007532428,27.58199970271861,134.23164259515917,1.1759803600113385,2.658188545177927,1.2753165589023259,2.703287744783573,2.942326425681892,6.353544217802288,0.09836775288955596,0.27550084916536444,0.0938302427300424,142.69573843961066,55.273940871301285,QUI
47,22,46,86,67,67,26,21,26,68,47,94,21,26,27,69,57,78,21,14,23,56,65,48,27,24,22,75,76,82,22,20,21,56,65,-0.0009477285994659549,0.015449981335113485,-0.011228372452069426,0.010743314728037384,0.04252856653137517,-0.01496320140053404,0.0252484779965287,0.05329463407156208,-0.08275219753511348,329.73903110060076,324.66987783711613,237.05434983041616,0.005591146604806408,-0.11030851419225639,-0.02394124489853136,0.9361444615620828,1.0837614275006677,-0.3974471698192256,-0.39141824943925235,-0.16918181844859814,-0.4334510726301735,236.867084694259,235.35540542977301,131.1066203495327,0.014907323530040055,-0.10279634261548733,-0.015296083724966608,-0.23591379822429903,-0.49963604281308416,1.4067377908658878,0.3318508406141522,-0.15211945754873163,0.2944481360467289,211.83457518805074,300.16138809559277,0.078980513096495,0.860237909847805,0.09434034402987483,0.4456199122474053,0.26282027564948357,0.8436594232600213,0.05823817987849791,0.06915234231213398,0.05614287308289323,84.9105685661023,10.254388696572335,169.3685098968729,1.649589226779885,2.9064543344014018,0.8927989344352443,4.354597313425247,4.488394518276361,1.8981907202798136,0.1391672773152207,0.411593450111998,0.11081537688533186,131.71991863210067,110.09928421743516,127.81709742714153,1.0692064565619823,3.004470525337576,1.7946846827330456,5.743938295397794,3.652919631969665,2.836208367316833,0.11131588064352045,0.4143923640948725,0.13761315154866072,139.89026498138048,90.64984749650651,URU
45,28,57,85,73,72,22,29,33,73,47,98,29,20,29,66,52,66,29,16,29,48,44,76,28,24,28,81,70,50,29,23,29,56,54,0.007319522342564802,-0.00749285237789904,0.008187192342974079,0.001768103732878579,-0.00020444281045019832,0.0033636123451568907,0.2270012508867667,0.06594075447626194,0.8012311544338337,340.33026635875854,337.9051989085948,278.0847935216126,0.07143656098635744,0.05039732430450207,0.02349539676398363,0.5434372629706685,0.7811146308731243,0.4375101758663028,-0.16335538609345157,-0.23992208805511595,0.46745525143246924,193.25667091828103,225.64389276944064,272.5352262800819,-0.02449154461527967,0.03701576778308323,-0.06528930579809004,-0.07227522521964527,-1.8298777218281035,0.10263278945975446,0.5467488308321964,-0.21688800198772168,1.101722587175989,190.4006086841746,66.38737766712143,0.06250727306376092,0.681841784805946,0.07575008106729536,0.4576077957479953,0.27364850272453495,0.6057604020189725,0.03100816638616632,0.04037642610687622,0.03930865022173,67.69726206767476,6.602234751948378,149.5391309520545,1.3963915855987448,2.781244182362593,1.0579333798615396,3.617528108866366,4.354909511633101,5.13098893257635,0.08062913714237416,0.27797891888638676,0.09527075021949927,142.58092732018096,34.040394325259534,126.18028825114956,1.1463252643416013,2.8383896605139327,1.481062591149613,2.3319535089355963,3.5230557768556205,6.854247894121753,0.06730548329999256,0.2815745893029602,0.09278519356120321,144.07221245628023,36.30972844566098,QUI
43,22,44,83,69,70,29,21,30,89,37,93,22,27,45,78,72,72,20,16,24,59,58,47,43,25,23,91,80,85,24,21,21,52,68,0.006468775471012145,0.005463687168421049,-0.00033823847975708533,0.008463847508771931,0.021565324948987847,-0.007203904998515518,0.14690490302294198,0.25487382860998653,-2.4679147219973006,147.33422870523347,331.96208367071523,342.4795173751386,0.027872264839406198,0.08403193185627528,-0.025557792461538463,0.9470976987989204,1.3308957595951418,0.055392519723346884,-0.2530378955331984,0.08575621843148448,-2.731033110661268,238.8099353371795,249.60262680781244,157.3573903724696,0.00709227027179487,0.09855056871740893,-0.028337298124156543,0.5385167073819164,-0.6735393026680162,1.3530415824709852,0.38086386261808364,0.05183095761376518,-2.1433523144399462,188.48741355465586,299.5478524098246,0.07883520885285375,0.7516038956094871,0.07905327968159112,0.3906003234603085,0.27261681256306713,0.5333465451716537,0.045036863106677226,0.05842552672838573,0.030828101530836812,174.42976158797867,9.146718706939753,73.88836408246647,1.74012229782459,2.982763704938533,0.6085605151447107,3.9098507694638136,4.0363338532207536,3.3846696832663055,0.1383796802288383,0.4303757389667693,0.09221660165424665,135.86823937835035,120.818391591158,133.32427200807885,0.8032246587081912,3.124765167552587,1.9405131641439513,5.681514238175365,2.3841238542877576,2.879198973226094,0.1048721367796059,0.44176496440322766,0.1427745176346716,139.46215773751743,92.10456821615765,URU
51,25,48,92,73,84,18,25,35,107,40,81,25,26,40,48,45,80,25,24,28,50,45,73,26,25,25,79,67,58,24,22,25,49,60,0.008486528726540026,0.0001554130637720471,0.0004602449815468112,-0.001051923795115333,0.014549444523202169,-0.0014632663822252356,0.06820069297693351,0.06123847960043419,0.24509924708276798,96.02649593951153,343.2714588873813,313.44900861055635,0.03477374697367708,-0.02747705162957937,-0.0022037547006784307,0.7815247512550882,0.7937339538030665,-0.23588850719945725,-0.3030667370013569,-0.11872913760786975,0.0576219906904749,214.41528621797556,241.41156184396198,147.90767889647216,-0.015996607489823615,-0.029085968629579385,-0.01986149256037992,0.07619913978968793,-1.196030207443148,0.8303914533048845,0.3897373438263229,-0.13050083069240162,0.42733315590230664,214.75919169354137,79.54627311017639,0.04877720172189294,0.7477022835438402,0.059469380060777885,0.3752138428781108,0.24432365509281348,0.31859507404728193,0.026883613443912567,0.050563593862044356,0.02610391492551089,156.68288788496994,3.854512455911586,118.70839083630712,1.6850876749693715,2.538889697502248,0.4769397585214138,4.707154634097592,5.249761467258909,1.5782888295655761,0.11644780830828912,0.2959125221287112,0.057843462023744525,136.37457559835667,74.3887274499148,140.7459346620361,1.2322753004058462,2.3739496103657802,1.1928001236509123,2.948837384265245,3.040801805451106,5.530353614441506,0.08638693252483959,0.2760614103584545,0.08649811411023509,138.86984191265708,101.7050439921577,QUI
51,22,56,71,89,96,51,32,42,73,82,115,21,22,54,75,67,90,22,22,36,48,46,77,23,22,45,84,67,92,22,21,26,56,61,0.0008718725489591572,0.008573695899868247,0.01449832494644269,0.0008580311739130469,-0.008579017710408433,0.015557853747035572,-0.47880577615283265,0.05742884570632411,0.674708439262187,346.9072471673254,199.44515787135953,204.34570420582742,0.020156344914360996,-0.04279692947035577,0.01743127951818182,0.974089699090909,0.6808791214361001,0.2052248677483531,-0.9538686471673256,-0.08030006918181819,0.6218853760210804,230.6830054221344,223.77364778787882,165.10052818274045,-0.025678781750988134,-0.028685216790513845,0.0017759818704874816,0.7432877735836626,-0.9629437303689065,-0.2602433070342556,-0.026674609421475627,-0.09212257624584981,0.7121753911725955,215.05965883570485,119.71224283267458,0.059292041176103615,0.9237252306114944,0.11147979796664999,0.8851891827449183,0.26402089859518163,0.2774058515755248,0.03184532195028919,0.0709641117391373,0.08335074637576996,4.075339371172189,177.23871663807236,176.64095346165325,2.0461381899047653,3.223182325022823,0.48323069767802596,4.597071646376749,4.78649577897472,2.4224758523485286,0.17413282610015532,0.4182504548032287,0.07158433127105872,129.7976049283453,58.297052674306606,139.5874508034535,2.061485928639226,3.242779945002577,0.6462853740816222,5.184402383705826,4.251017803007566,2.7505139553930142,0.17286278838443603,0.42087047864219257,0.08854858082548861,134.77199078186695,48.02043475015716,CAR
55,23,67,73,97,104,47,31,58,75,81,135,23,24,48,76,62,83,24,24,30,53,54,71,23,25,62,75,64,90,24,24,43,56,55,0.0035801510908842656,-0.0009846721990897302,-0.0260700078170091,0.0009523379202860807,0.0026817973889466844,0.018430985157737324,-0.45353714447334204,0.10968244535318596,-0.3598909100130039,346.6327944083225,38.359616422764624,194.1025141091157,0.00970553623146944,-0.1543513511573472,-0.010192023336801045,1.1214735046762028,0.2727828701950584,0.6117777969895969,-0.9090999933680104,-0.056523348015604685,-0.33795459895968794,241.27052586436932,215.918372739922,201.90911921263978,-0.02409586409102731,-0.1313275160663199,-0.03684292690416125,0.6715825167425228,-0.8644073273550065,-0.538702986413264,0.00481441156618986,-0.054871970674902466,-0.36901007139141745,225.66308427022102,129.0193491417425,0.05262111043394168,0.8930503688217527,0.09959710310493435,0.836732928733373,0.2527261641361668,0.2603974697083794,0.023166473527742353,0.0667140302271392,0.106811649334125,4.500794456787307,106.21830267727984,178.24404215754936,1.8298826356648195,3.03437648586114,0.5408476650965186,4.655817241631725,5.298516357803491,2.8296984226184865,0.14398283227363623,0.3834468775494112,0.11628751775782284,128.31974167258258,65.55212776056786,134.61270182401196,1.9873598280816307,3.0598932954076417,0.4369864036965882,5.195166171107499,4.379610372056387,2.8733899388742756,0.1565744155579845,0.3881057719941688,0.10677872893013109,134.9215248798532,45.80024645376904,CAR
49,22,55,90,62,64,27,21,29,83,41,109,22,23,30,66,68,84,22,13,23,56,58,43,55,25,22,70,79,78,32,19,21,52,55,-0.005198619937849462,-0.00457659424596774,0.01220617032486559,0.007878966495498655,0.0047483575351115635,-0.0131988701545699,0.04715706344892473,0.2480540565860215,-2.3621667110215054,218.60039791333736,321.9511826612903,269.8280904574153,0.026796623624999998,0.01262763972849465,0.02383284827567204,1.231647950883871,1.6808099945295698,-0.2100623848724463,-0.3117570124301075,0.07268299455107527,-2.7150965040322577,232.968832636707,247.06935180927417,148.97867212446238,-0.00011471993463844219,0.021687029098118267,-0.039942870940860235,-0.4338831197177419,-0.17538232381182797,1.7943057087634406,0.22431919192204303,0.06769901386962367,-2.0001974341397846,208.02169945846776,306.8717932795699,0.07907533026643464,0.8112806836968153,0.07116550713556803,0.34859671327696073,0.32498699300314626,0.7273748669170789,0.030092079561086737,0.06273636672283257,0.06497163227764996,172.49679960102264,11.490527628420597,154.25801839616682,1.683708961684251,2.954486593848351,0.8762659739455926,4.585607131001787,4.150305068360647,2.604877581642812,0.14004325896165024,0.4143627096193035,0.1131384509812352,138.42549201265535,116.66722722774134,129.28086605119483,0.5028993981630134,3.040172562565191,2.0408497649620836,5.853727637649777,3.2763044551422187,3.2927718316026473,0.04393278437957318,0.4146836503695055,0.14854161116197687,139.55195296460863,39.75747006608098,URU
43,28,58,88,74,75,23,30,38,71,28,90,28,23,30,67,52,67,27,20,29,53,51,84,28,26,28,84,75,51,28,23,28,56,59,-0.013095602105966275,0.0012988447112840475,0.012101752880674449,-0.052004702220752264,-0.004746312440726331,-0.0023532672418158226,0.13254626815823606,0.052812032739896236,0.6293621522697795,240.7796741727562,338.9126993514916,288.17715536822385,0.009425910579766543,-0.028177076981841784,0.017433477483787284,0.5903098645032426,0.6603204157328146,0.39201892046952014,-0.2603830689559014,-0.21029831414773023,0.28752094499623865,195.7377413985733,215.88725570687419,261.87460406588843,-0.021387708807911805,-0.034527303229182876,-0.02691076817509727,0.12223980759922175,-1.9149073977444877,0.7176271232399483,0.4725705949416343,-0.18866070631068743,0.8898247920881971,196.80935898504538,75.2431975224384,0.08633815304409538,0.7155860952928932,0.0753281760690891,0.5338007078487017,0.4970220214389438,0.5270494794764173,0.03233985657672038,0.05365207976098121,0.04942817633342007,159.0818015522972,11.928656415251863,141.9861321393346,1.7223324496808565,3.016041982231569,1.1190827119430122,3.5860128023593383,4.673849499163245,5.611002642484805,0.11244165979071383,0.3297782597159244,0.09927872467231448,139.15362394401814,42.819007336118524,124.99284381839637,1.4906639310296732,3.0435688136848373,1.6164199916017745,2.706584616345079,3.807152341106376,6.8636760810612545,0.09410256801256718,0.3262241422680288,0.10856767351588797,139.7499374388513,59.352446054541396,QUI
47,30,57,101,77,87,27,30,26,91,41,117,31,19,33,67,57,78,30,18,30,54,43,76,30,29,31,92,81,77,30,24,30,60,64,0.0014148135909319893,0.0024641546020151097,0.01243016626338791,0.010743435663602011,0.0026158774610831152,-0.0047472216984886665,0.4309096215365239,0.052719696466171286,0.9143454079345088,269.67443702761034,307.09630774307306,207.32194328133247,0.02835574124937029,-0.025987853981108318,0.017238793685138535,0.37092926502644835,0.6300073148904283,0.5715285617002519,0.054227271360201515,-0.2186042377959698,0.5534810220403023,205.26561920080604,220.57391513853904,279.01115472959697,0.006166308536523925,-0.043044718507556694,-0.01569223551133501,0.2523987685768262,-1.4994988808765741,0.5767784340428211,0.7424338619647355,-0.18092015726649874,1.2189787808564232,213.0775025429471,75.65676553513855,0.07188288764321288,0.6823903348388917,0.07084733207465235,0.3738552738426465,0.5556885450755267,0.5568182581551065,0.05774758793603365,0.04354987157875402,0.06458031692510448,151.62540697519208,87.29080330546616,176.47822079277176,1.4468083927085718,2.8423011213343394,1.1016907221428744,3.445495372037056,4.599396917770475,4.914718348308414,0.10848843058099246,0.30058257559883095,0.09893147853820346,139.96933423112986,39.15671149124671,106.87334771692704,1.0908267193914543,2.8338841415669758,1.5763578054196947,4.507901925919117,2.485983020241285,5.615459878001831,0.0885092374287139,0.2956787618518648,0.11884472230462473,138.86718771789248,100.50594727811384,QUI
52,26,48,89,81,86,23,27,26,86,44,121,26,27,56,60,42,76,26,26,21,52,66,65,26,28,26,78,54,44,26,24,26,53,63,0.005187150749737534,0.005406995559842513,0.007326273761299212,0.011913109152230972,0.020537017724330708,0.007623675928871389,0.11435998485905512,0.05196564603557743,0.22418869947506564,42.28068339121523,297.3640631251181,285.26802299687756,0.01333359842782153,-0.0031637914330708743,-0.00960234487926509,1.073913561496063,0.9794572273517059,-0.006517916295275577,-0.2530840261525853,-0.14211122301049867,0.11885582550984251,222.83100292034123,232.60874088057741,276.1041038849081,-0.010105362733595805,-0.0001831547401574801,0.0033740464055118085,0.1154538571026247,-1.5227847149988056,0.8948249144501313,0.45163595328083994,-0.14816203591246718,0.368189071128609,213.46027720787401,92.46671220393699,0.06726355265872559,0.7078880873301854,0.08624867998725469,0.357863799675554,0.2274298970158551,0.28671195541702427,0.05894845836158969,0.04807140890716751,0.045473231921422455,111.51478745977025,119.6455049137722,145.1736018609115,1.9068344629113296,2.840752297500458,0.47853387112202417,5.081576234745263,5.549005765696559,2.6642920199373297,0.13405998307287767,0.32013784363127495,0.0818145371714585,131.71392598947813,89.89988338658605,91.49484462298489,1.522297535188349,2.697371882095544,1.212141792856483,2.258146620151814,3.913580052862964,6.497390228147934,0.10947318532577645,0.3057052008783482,0.10709657653648319,136.1217107005153,97.5688660133783,QUI
44,22,48,88,66,72,37,21,34,66,41,105,21,23,22,69,61,72,22,20,23,47,64,59,24,22,22,78,85,85,23,22,22,52,61,0.0023387252463289467,0.0004468262105263176,0.010690000436223685,-0.004549985275394739,-0.0030015919753947433,-0.01932434137631579,0.09621395073684211,0.060572203528934214,-0.18428793210526315,331.4830066498027,323.6165756578947,248.29415242259344,0.004505469988157884,0.024477608166842104,0.009578054288157887,0.6656098004078947,1.1972480913368422,0.47114559620131585,-0.2762917518631579,-0.12024521207377631,-0.5938221967105263,240.51230522259206,219.8656176315789,122.21625363789472,0.008392007167105267,0.03904599234342106,-0.020868769198684228,0.39791269403947366,-0.6743142963815789,1.8770360682328948,0.3930012268421052,-0.12724420547894735,0.1845677983839342,200.52155149263157,287.75246556860526,0.07422845879515128,0.8841700121905833,0.06754027235971907,0.40730779283041235,0.33072345402613157,0.7211516175925498,0.032896499273087326,0.07102877382283342,0.043766367605939493,84.7528569349524,11.101366561316746,165.1877077859016,1.7359292860443756,2.9996944056236052,1.1511739757700898,4.296533630316229,4.090064166887578,2.7707863439219276,0.13024123200540777,0.4217434078839118,0.11766075019841184,127.12891118397864,104.00761973130244,121.34266194492157,1.0975429887759842,3.12742516270522,2.10915249573676,6.023322545517096,2.944176058849082,2.5937275884212236,0.10168261786157129,0.4333997586967458,0.15584098647321837,138.86301160158146,109.39189593655227,URU
53,21,49,86,72,63,28,22,34,85,37,104,22,22,29,57,68,78,22,15,22,56,53,44,46,24,21,70,79,81,29,16,21,54,47,-0.00767952148627027,-0.015145854379729729,0.007910337355297298,0.012352343866216215,0.006705197275000002,0.007228716931486489,0.05089965904562162,0.25079510986486486,-2.4583215027027028,184.89669662315674,321.9227240540541,297.0166236895835,0.051789265272972985,-0.0008741553621622085,0.014280393783918925,1.2022408413783785,1.608561901354054,0.21929524718918916,-0.3027881444121622,0.08290425110351352,-2.8075855554054057,231.86848593986485,256.82482377932433,154.15655894743242,-0.009645429108108108,0.005197599824324347,-0.07763944687837837,0.0648230728554055,-0.3510148878608108,1.5698315747918918,0.2558670216216216,0.05474171495567567,-2.0924777662162164,198.46892840756757,316.80621716216217,0.06065909752666763,0.7958111493249841,0.06440998117704903,0.27767848991959265,0.24923149791104743,0.7005918667908831,0.03693646234289115,0.06239604046499641,0.02105930363053917,177.26245951571175,7.3216976297937215,135.02448634901316,1.6706803480772714,2.9810737708131154,0.8097812172085913,4.560517406449183,3.809265172996156,2.4646810371132535,0.12979390980666516,0.41346216725493096,0.06487308851907463,140.68224519698722,113.89690739966267,132.95629722566306,0.5612881898341576,3.11372442879837,2.072953329892118,6.20084377996025,2.7145523279687254,2.550473199728331,0.06241538840286379,0.42129172980330215,0.14964358235817724,140.78767410940603,35.1174603609622,URU
51,29,63,87,75,84,25,29,33,96,37,100,29,22,33,60,52,76,29,19,30,58,58,91,29,27,29,80,71,54,29,22,29,56,75,0.010974519522745358,-0.004966101002652522,0.0017815833265251988,0.0010204995409814298,0.008737211703448279,-0.013302472149469498,0.20910458167108753,0.06329161255119364,0.6636807872679045,287.38923206196154,297.78288986945626,219.24318769694958,0.058913183684350126,0.06132547016737402,-0.015410021242572949,0.5597412231564987,1.1074817933527852,0.12414334226790451,-0.21060493715583553,-0.21172943816710876,0.3779639580901856,198.62010522042442,221.59656675066313,269.81728072151196,-0.016457423477453586,0.05880321221883289,-0.05133196253183024,-0.15383947961007952,-2.2681783372572943,-0.06779763461538463,0.5523295331564987,-0.20063455120424406,0.924735101591512,195.13766366074267,77.29924960875331,0.07381748584406672,0.7053515937218515,0.07348924409166868,0.5810786880133479,0.5217403421132666,0.5549560791142061,0.043309943654897196,0.042702829320747315,0.027806500268728853,139.97895759094922,111.19587618828447,174.12250624951906,1.8820609706724065,3.1210083852516215,0.8874392839545097,4.675614792442066,5.070348817348254,5.039161894363556,0.11023233633245956,0.31600626795034276,0.06589228582856556,137.7245087933186,47.608011485520954,111.9055773869329,1.4413277355504661,3.1315063407810446,1.661029361746205,2.552664404317374,4.3759994038835845,7.024104977518096,0.08718452432035578,0.3167394767775265,0.09592934924635242,140.12814479143006,47.74279858383015,QUI
49,22,53,73,88,103,43,29,47,75,91,119,21,22,52,77,62,82,22,21,36,51,48,78,22,22,39,79,70,90,22,21,31,51,42,0.003948135091651256,0.013904881794517838,0.007798406467503301,0.0069087941593130794,-0.005881647193262877,0.005956190889167772,-0.534470849009247,0.061672568453751644,0.5493806743725231,345.95918375165127,66.33550296772786,281.77581949151124,0.024031228281373846,-0.023240174667106976,0.010235372885072657,0.8034762252742406,0.3918617005416116,0.5632172347265522,-1.0139240203434612,-0.09100223918097755,0.5279655766182298,228.87787379524437,220.79977422364598,206.60381400039628,-0.023868128742536344,-0.01782353589035666,-0.010970633354161163,0.4716455010435931,-0.9595485226287979,-0.1442642045416116,-0.0818331769686922,-0.11655414592602378,0.5887186112285336,218.6795766023778,126.81689328929986,0.05392491924016759,0.9300068684726776,0.09715233102355415,0.8519644815177525,0.2451525225957151,0.2401581357786497,0.033890028606425725,0.07151960669978204,0.03578129389124127,4.168156044275624,137.37431863654655,146.58189722670764,1.992370094094217,3.159489954640887,0.5329691030721937,4.54637208769332,4.87417596125749,2.7918205409269365,0.16508455321918122,0.41491463425730635,0.060228385127985694,132.39950986974245,56.99744218403919,135.66759659638944,2.0763350851850393,3.1806435110262687,0.6499022888561796,5.29606338640421,4.370976131558436,2.685555271313723,0.16915340672400592,0.4177298661140471,0.0562709055486938,136.03369115601066,40.522353255645484,CAR
55,21,54,73,93,94,39,23,39,66,81,105,21,21,56,69,59,83,22,21,33,50,48,59,22,21,43,83,62,90,21,21,31,49,52,0.0027496308241443846,-0.012144837609625673,-0.004586616186363632,-0.010879491330213906,0.002500344644385025,0.016964983135695187,-0.5245083909090908,0.05961139068703209,0.3186516657754011,344.7190578877005,220.18133060285427,321.48188304321656,0.0419873503342246,-0.14777057364304816,-0.01664715378168449,0.9577781211764705,0.6557757886529412,0.47250408815106953,-1.0052427351604278,-0.10156463924652406,0.28252431697860964,225.9053788554813,222.26458719251337,195.90726713128345,-0.04765254362032086,-0.14089892012032088,-0.025433882508021394,1.00700562921123,-0.9137970016470588,-0.13310327048529408,-0.09269598051350268,-0.11464238539946525,0.35539019064171123,218.33655539772727,125.55918175133691,0.055495108910007196,0.9463163167372678,0.10251280270408471,0.8501895533982199,0.25390809212033527,0.2757647641608117,0.026046577072562634,0.0737685882876642,0.0641677515591026,3.665763048269147,172.73632510385298,107.97384440426433,1.93799273392946,3.0285158736233453,0.4377503419725501,4.528393347597371,4.6355144673827136,2.90563734831669,0.15805531184610147,0.41040836069173053,0.09631088190774066,134.98291749742694,49.62590841035184,139.89273113149233,2.085255123237428,3.058181120142431,0.598084129686108,4.865949442508066,4.828884938094479,2.612015503459904,0.16889835585424848,0.4069804861774077,0.07478660140103553,136.17821520590513,41.94404891375934,CAR
58,28,51,89,77,81,39,28,26,110,39,124,27,22,34,68,59,75,28,21,28,54,46,75,28,24,28,82,67,48,28,26,28,55,52,0.003768815226910761,0.004018745803149607,0.007184811504330707,-0.0037443837808398936,0.00321638970031496,0.0009898772883202083,0.15615905144356956,0.05833489928312336,0.6026939140419948,195.23716334204593,338.64696364829393,191.64798055241732,0.038084801448818886,-0.006846247409448808,-0.006381797666666662,0.5970727874566929,0.972277135551181,-0.006117892099737526,-0.23607355713385828,-0.19700048443556428,0.29844488085301835,197.4653441901575,219.9979827296588,258.0022424654068,-0.0032047283622047193,-0.015168001719160091,-0.03322432848818898,0.04521491831246719,-2.14533361928084,0.3346311168595801,0.5095737459317585,-0.18835823194514434,0.8534952863517059,195.55660086115486,73.72376155643045,0.04065637951761305,0.7166020749049221,0.07695956887271681,0.4085457455074536,0.29948757022042005,0.4677236681299783,0.0198214343461986,0.045149211876461814,0.06376243503161785,176.85172439039002,4.745852696649544,178.88490214557464,1.805826826208355,3.0526194151399055,0.9417537146023321,4.249631323708291,4.54006326804799,5.1939609380392096,0.10657428900275308,0.3277924135822182,0.08846692195964118,139.52087235092742,38.14715471176606,125.60222696645704,1.5296622512921507,3.117027514207528,1.669853172567237,2.1786422801513012,3.584530123395564,7.01922417371527,0.08963066815546435,0.33198955221789594,0.12229924627155038,138.7991263006296,69.53620017737863,QUI
59,23,53,68,72,77,32,23,38,85,50,121,23,26,39,77,71,79,23,13,24,55,66,52,28,25,25,87,88,90,24,18,23,58,63,-0.006710862406883965,0.0007325534237288169,-0.008422301094002611,0.007646660395827895,-0.015293245342711873,-0.010867650362059974,-0.029434200977923073,0.242805533767927,-2.2144536245110817,165.06836213177314,342.0429748370274,140.14961756518056,0.013181196380704032,0.06900179285919165,-0.012527552395176016,0.9533178093404173,1.3835038586962192,-0.9001778818735332,-0.49678792112125164,0.03761431530638853,-2.2984386518904825,228.0629760740156,240.8380888411995,144.01469096088655,-0.006647974460234676,0.07305648127770534,-0.06902341642242503,0.5288597635071708,-1.117617115254107,1.0437190521368969,0.35786051392438073,0.034070198993611474,-2.0244940586701436,210.06365047770535,224.3837539850065,0.05636069937123258,0.7994019143851411,0.097973450697549,0.6153707401319354,0.252189422122079,0.5384468270343632,0.03076677513465302,0.061900422591711135,0.03139808578281295,175.92209946921693,12.121391965959763,174.7952240606347,1.6569781681259979,2.953661741422843,0.6133821993187563,3.0826894414533887,3.9589568960206503,4.302347138291735,0.13256958066045663,0.40147938321490906,0.13121463127070318,139.4387698937976,139.54862475611893,131.5374570047938,1.2358701056167072,3.0661400450804,1.42643596296501,5.361148848402674,3.169572237532751,3.668463538551248,0.11529698921135771,0.4080577148492948,0.14101735043136335,139.97855210655618,145.16982799009807,URU
48,21,47,78,71,70,28,21,23,57,48,117,22,24,41,71,64,87,21,17,25,48,52,54,25,24,24,82,85,99,21,21,21,51,49,0.003930582741848525,0.00755941618364611,0.013092478998257377,0.00996103327091153,0.02752601764075066,-0.0021774356930294916,0.0015223538864879334,0.06102607743190349,-0.23832646930294907,340.3000503221582,328.7404617962466,208.8215128476595,0.014359439856568365,0.06774769767029494,-0.013568391971849867,0.8348211553200938,1.2502192654423592,0.273544225522252,-0.3771878539410187,-0.1384931092549598,-0.5455504668900804,241.44490234262736,225.0506077482574,143.70297059517426,0.020709875961126004,0.0852045931099196,-0.01062038100536194,0.5956168704852547,-0.6029816179115282,2.071140619490617,0.2990432278820376,-0.1421219781610724,0.06882960901815012,192.04201759209113,308.2387442349866,0.06494530874954231,0.8577222266751345,0.08988283361613883,0.3752582855654522,0.26123609701611467,0.5875763695676277,0.033628831552429427,0.07037022864741946,0.05586039538122252,68.40168792436961,7.868718520048865,176.61885274892634,1.7846178370048453,2.920427578948006,0.6620824185473934,4.735128666917259,4.135718190262811,2.1185488216658483,0.13437127932660176,0.41887877044376526,0.07478196553460453,128.83345931468835,113.75267587882313,125.11552147093005,1.0894962752689399,3.0266549126659976,1.964756226314361,5.922560291011239,2.6342232768787532,2.468437632226359,0.09837557753729491,0.4277692320489047,0.16237939727592565,142.7846287357526,69.16209716292403,URU
50,27,49,98,75,97,17,27,28,85,34,97,27,22,29,73,49,79,28,18,29,56,46,93,27,22,28,96,78,57,27,17,27,52,60,-0.006300138963793102,0.00658274868891626,0.03138133787302955,-0.009726333200738919,0.0008206427843596101,0.012218103283128081,-0.02204979247716749,0.06223050804322661,0.37394317931034476,217.8269447601404,341.4637169950739,307.5258976591268,0.025230320147783248,-0.10334998813929805,0.050357063709359606,0.4854274729679803,0.4545076360714286,0.30803927624790645,-0.4303563647783251,-0.180989071876601,0.023607120317241385,187.9539410229064,220.93512590431033,163.01174089908866,-0.035606857972906414,-0.09802954089901479,0.010904879380541866,-0.46073178150492605,-2.047911408551158,0.7733933968842365,0.36724042266009854,-0.17821297950246306,0.6187480633004927,181.93989170110837,76.46481952731527,0.10760031044274927,0.7920716157815842,0.08263301251600723,0.471461499311163,0.40542703328705654,0.36074822477619733,0.04891056491927212,0.055955844747967026,0.0606354565995934,171.3192691362819,15.793190284729487,124.59079904210506,1.6725578535695147,2.993036255335729,1.0734525860188873,3.5546123883971448,4.247610100375244,5.627032969419554,0.12574341387962562,0.34862330172965644,0.0979833578846306,136.6257767897657,45.708619983909834,154.9873605282623,1.4436232490585574,2.8549734091442165,1.3173014980602185,2.582251972442367,3.2474244361315487,6.214577545594678,0.11013601238823312,0.3308521855160004,0.1180006903388948,138.39069344269123,91.6557994071642,QUI
40,28,51,89,61,81,22,28,30,86,25,92,27,23,41,56,54,69,28,18,28,56,37,74,28,27,30,80,61,42,28,24,28,56,55,-0.008502406099573331,0.005463315117333334,-0.002264086705853332,-0.03051621852434666,0.008787702840666668,-0.007780230535999995,0.15424521016,0.05625923000145334,0.5979042553333332,153.274825292348,272.62740953118663,207.48538350595734,0.007132019905333323,0.0006917470466666676,-0.0052373419986666715,0.7792932091333333,0.6940140129466666,0.23303405970666669,-0.25191425300799997,-0.21619101768221333,0.35311696106666657,207.74691402733333,224.6592771066667,250.40855802102666,-0.024981691983999993,-0.007828539976266683,-0.024079404569333326,-0.026607986970266628,-1.6390905757426668,0.31347876859333335,0.5035271327999999,-0.22254728587413333,0.8286018368,195.41115110485333,72.92459725866667,0.08588702887870286,0.6994428106283742,0.08156044385319917,0.41900049298365666,0.7109892690000648,0.4984490453037696,0.044278373825368186,0.04350052766585174,0.06074084182849811,174.12006647834102,122.78696044069721,176.19301640697756,1.5845191264584284,2.648626086539532,0.6925216381452766,4.746343082855356,5.0628669215827635,3.5974575587091304,0.09947518497008835,0.2820782108191146,0.09440698222213463,139.82486663945636,47.7129370188061,129.86691027769882,1.3160542987948225,2.733643318866909,1.314623408269116,2.828515558858863,3.238891400253383,6.6582140069552045,0.09190590720717072,0.28765643906116894,0.090170192288632,140.26157261287744,76.16035016173196,QUI
45,22,47,66,67,83,15,21,28,65,46,102,21,26,36,79,72,80,21,21,22,52,57,49,26,26,25,88,79,88,21,21,21,58,74,0.0009011226085638993,0.0053655115036890634,0.012783558901712781,-0.004301362462318839,-0.0029548070619235837,-0.0002730873433465105,0.11092406749670619,0.24746994861660074,-2.623711627140975,338.1408322135441,351.3950106719368,284.6334837205837,-0.010378685598155465,0.05233927123320158,0.00618808654150198,1.512386539104084,0.7879173860474309,-1.7137661071541501,-0.3615180916732543,0.07926831826745719,-2.640802434782609,266.276845927141,204.59406407288537,161.96137989894598,0.011824095294993418,0.062026409725955196,-0.006507939114624507,1.469244101949934,-1.0148767631884057,1.699045434246377,0.509878090909091,0.07550390908959156,-2.5022269802371544,224.74254497210012,206.78106082980764,0.06185979938431857,0.8229238088047577,0.1175041725875954,0.5844330287002206,0.17096954338789364,0.26154038458979106,0.023203772303789998,0.06490251902629103,0.05589021504156568,74.17608399372953,2.1322597554042435,145.123933690344,1.843362604379232,2.93328110800672,0.6696012793129739,3.1984771564440595,3.946076296150864,4.457396266158293,0.14227927828474055,0.4224786010376376,0.0941638642588493,119.04176123029222,143.1340960570541,127.11421807302351,1.6426593383231103,2.968872851046756,1.1758088932040431,4.587381809332781,3.104847756026502,4.442681785111652,0.13106926123188936,0.41897284688016084,0.10167223900775733,139.90473804158535,149.5116384353779,URU
49,22,55,75,90,97,29,22,40,68,83,94,21,22,47,62,69,77,22,22,38,54,46,63,22,22,43,80,63,76,22,23,28,53,54,0.0024839392312994727,0.004041323742744059,0.0004623293671635862,0.002247086367941952,-0.011765412855804748,0.015458918242480212,-0.5578872910290238,0.06158066549775725,0.5633175531662269,345.42756860158306,226.25718327380605,316.28811367583137,0.028480159411068583,-0.038940522683377304,0.008733391007124012,0.9208653578759894,0.2648673719920845,0.616573831676781,-1.0332089172823218,-0.11423338857124012,0.527855537994723,232.51477746770448,212.8030612401055,192.04328046253298,-0.044765318072559374,-0.020315358951978876,-0.016787573703166227,0.5708928299736148,-0.9923154091688654,-0.18193357683852243,-0.12197342809634563,-0.11966947339313982,0.6348981131926121,220.99115965343006,117.98106933905014,0.05752586156128885,0.9278706399938065,0.1174179664156855,0.843612731041928,0.26247961345685594,0.30293434870257935,0.016538136610722683,0.07104588683173077,0.04044137229142767,5.222929434277867,171.98402476315468,113.80062027716362,1.996063846569332,3.065397307212827,0.494594984718976,4.967769420514943,5.178427132545963,3.011018376768307,0.15789708578799702,0.40253193139456106,0.07173913917778217,131.43552699662462,64.7194956251883,131.98858586811622,1.9960014705242026,3.101843168506314,0.6167721742776464,4.837556470239792,4.727506309635887,3.3399018697802854,0.1511462918647109,0.40628489342988305,0.06201311692606745,132.64499563255185,56.61924328423323,CAR
47,21,40,71,87,100,39,22,47,61,91,117,21,23,46,61,65,87,22,22,33,50,44,66,21,22,43,79,59,85,22,22,34,54,46,-0.007811530787074469,0.003920975837765958,-0.0011457573743351057,0.01021242727017287,-0.01188562274139628,0.014574093338297876,-0.5167781238031915,0.058439693746808505,0.5106152881648937,346.1907863031915,141.47038188472075,311.3433060910093,0.0333311160905585,-0.03520094432579791,-0.009761509924202126,0.9677225301462766,0.5895922002925532,0.32886287099734035,-0.9993860352393619,-0.08610905143617022,0.5055315510638299,234.32988105851064,221.02769787234044,187.60473712933512,-0.05655527840425532,-0.015230361132978723,-0.026302167332845742,0.647274975305851,-0.8850619989414894,-0.2732406227074468,-0.0693331509900266,-0.1031595007268617,0.5406356977393617,226.26510203151597,130.83130083776595,0.056960181851776995,0.9269957583310001,0.10480909519830707,0.8596642996744729,0.24550264697727098,0.26126150300251744,0.021157110392050628,0.07164334111820549,0.04923615168961714,3.9361331625197558,173.7269616875704,120.29371083040833,1.9758777114580974,3.089282670648345,0.5013946320574412,4.555408789631696,4.853011500160565,2.7631743368047506,0.1650963945024749,0.4080990382328976,0.07400821942844357,130.29013511549076,58.09728814287978,139.48373806329764,2.099959595945499,3.092112976826502,0.59214164427779,5.109951351712349,4.801053682800147,2.5385311354490026,0.17057121388098537,0.40381000268422446,0.06696049424488211,134.1549063633158,43.82851121609817,CAR
53,23,59,70,98,99,52,24,43,65,81,133,23,23,60,71,60,99,23,22,36,56,59,90,24,24,45,82,71,96,23,22,31,53,64,0.005076613258772378,0.00011162372506394015,-0.017949777334092067,-0.012045089340153461,-0.0014008186034526829,0.0012018250338874672,-0.4388316667519182,0.05374736079884911,1.2249395601023019,347.7555787723785,344.57747774964196,227.42109356439516,0.03390307742506393,-0.13214926045025577,-0.019973178521611252,1.0229431749616367,0.6232938852046036,0.35008092452813294,-0.9052559327365728,-0.1174733190420716,1.115548066624041,227.02774677493608,218.45606625831203,136.23590004381077,-0.03206778405370844,-0.11901213230051151,-0.027070537937851663,1.262428707533248,-0.8482239827851662,-0.06245264121994888,0.005649712299053708,-0.09840953204693094,1.279620084398977,216.82469258216113,115.40371194373402,0.05206044729926487,0.8718950182770838,0.09553295521040497,0.8376114596453007,0.21352666781899354,0.31262948393839435,0.05506342670014506,0.06681183218168235,0.06808736682642043,3.8649998763895446,57.29311288283155,172.52756045159657,2.009139171945476,3.142796334301159,0.3994191940145895,4.748956477100157,5.042456228162537,2.5026524775889483,0.17518980256423144,0.4087177218143359,0.10018598022235373,130.68552544725028,68.10593471241242,132.61016701848402,2.0652280501995883,3.1474146779887673,0.6976074282750315,4.628693437465875,4.645097147107708,3.0954027960735786,0.17602674048150055,0.3973155615396814,0.08309861521440129,133.85045148971489,53.87972298307629,CAR
48,21,46,60,77,87,24,21,31,82,56,107,22,20,30,69,66,65,21,14,21,48,77,52,22,24,42,67,77,81,21,19,25,50,69,0.0026042151093422813,-0.018420701370469802,0.003741672934765103,0.000595030044832216,0.0030463922805369125,-0.0018237532285906054,0.150052671852349,0.23975570953020137,-2.5414098483221474,292.8222893758121,353.85060442953016,78.56857356102282,0.07252540052483222,0.009774245419328875,-0.046372969939865775,0.31850456945946304,1.812253535833557,-1.4495102421973154,-0.3815517628053692,0.010147325387114091,-2.4966298872483224,206.24010682228192,270.5363839812081,93.27820684026845,-0.07621351094765101,0.011763117871140994,-0.028902800431946308,0.5164225065060402,-1.9906968707020134,0.2871028290469798,0.6985376430872482,0.002652331236241609,-2.524443346308725,199.51817944818794,96.19587318885907,0.06948614473065906,0.848711353814898,0.12714125504269916,0.7539182967375101,0.1688968479498127,0.20638260743998732,0.036007196203165115,0.0668863382194334,0.10026453887245611,134.21840499510773,1.7559768812756158,147.44253868424914,1.7518650925198973,3.082285063738935,0.7272158661546305,2.344869650987465,4.0688625683163115,3.9758995828019152,0.13429112443737026,0.429107699206502,0.11377208288713236,137.29023348878056,100.27799095567525,105.74778409550613,1.957076779071504,3.1649128243380096,0.6770196346231493,3.592556408572093,3.485123306601024,5.240031891940952,0.14306515346578988,0.43417458275231247,0.09129316093231912,138.40792727408348,108.25229423655749,URU
37,21,46,68,76,78,24,21,39,100,53,132,23,22,56,70,65,80,21,20,28,47,63,59,21,23,21,87,91,86,21,20,21,47,94,-0.014024022300146861,-0.00876412328037383,0.021713547240987983,0.018055999144192262,0.01950436257036048,-0.003445146439252334,-0.14012723710280373,0.0467649472129506,-0.5636106913217624,184.89522319121497,347.29064005340456,157.53640176654875,0.03605752382510013,0.0890502273150868,0.0008759414221628837,0.8595260195634179,1.6975065134245662,-0.06929659650867823,-0.6170451971962617,-0.14262958507343124,-0.7321606955941256,218.20719645707612,251.6245888276502,142.12018529425902,-0.02443302319092122,0.10429242093324438,-0.029728543481975976,1.2995745847249665,-2.24973611611482,1.315365337610147,0.28026182060216287,-0.13739151664739652,-0.3692151939919894,194.52364581174902,146.16874759206942,0.05377604356791605,0.8564333087395395,0.11240089693919826,0.8130750532529273,0.1825554208489834,0.39450645362150155,0.031309415900014126,0.06955650112503825,0.0726366878192582,176.65700068020004,2.7480889922506893,177.91640566195352,1.9515177830910637,3.0487050525902357,0.4016371557873069,4.224301986456019,3.9186992277309933,3.5090906197133838,0.1535753895397666,0.43521380178553004,0.0680805421207038,134.20085499050143,101.53533538406751,134.30004054365776,1.816693896836519,3.1411086612775745,1.5283912479023822,3.853364385899848,2.289796137128792,4.842056473239641,0.13786976992068542,0.445221739329267,0.1291290023359879,141.26602250781855,155.32295417094556,URU
47,28,44,82,69,80,23,29,26,73,32,88,27,15,28,63,54,61,27,17,27,49,44,71,29,18,28,84,78,50,28,15,28,51,57,0.0011615479937172788,0.004828083659685862,0.005218686650392674,-0.10779457222198954,-0.014438397158769599,0.007427570727748695,0.151554729986911,0.04786545248810209,0.6531735393979057,182.0044266473822,268.2832901037958,236.96446241200132,0.021533474408376958,0.0027025957552355845,0.0030992580183246037,0.40001106278795806,0.6797514700130892,0.19451247269633512,-0.22365196200261783,-0.22761188619044503,0.269833626513089,183.47805022017016,217.39300431937176,266.5118361048429,-0.009358318151832462,-0.00626260958900522,-0.02534727304057593,-0.37878513402356023,-1.3408308328403142,-0.0863106990968586,0.46287302068062824,-0.21220164371282726,0.980388427486911,188.24469594319376,70.52222366230367,0.08443053150960113,0.7091345060166607,0.09898287338396684,0.5529704372353883,0.786363122112468,0.5775484193923165,0.0627969565688905,0.05103425735139484,0.049958123385902185,170.7674887647702,119.76839939345142,168.32542015497188,1.346038671129502,2.845233496901475,1.179624048400304,2.9888706895868538,3.7980905938980576,5.649640169390168,0.10022829409448104,0.3028624771048368,0.10568826544217082,142.22431391841943,24.653495138692733,127.93274127319975,1.145411524370432,2.9035624466374634,1.5638005045377674,3.4190395858207827,3.140492237442522,6.29015224123422,0.08066167511050022,0.3115318509657895,0.1106906112417562,140.58675502035783,81.43343716574945,QUI
50,22,48,84,77,62,35,22,26,94,43,100,23,24,34,68,65,82,22,12,24,59,57,44,44,24,23,73,78,86,27,19,22,53,55,0.0029039942813953467,0.00411567637551299,-0.01233088143132695,0.0017600805283173764,0.02099942836922025,-0.020376359946675787,0.03255624468673051,0.25203585718194255,-2.3311838399452802,236.07754842262105,328.05417086183314,318.72256889285364,0.02255086844459645,0.03646104864569086,-0.015977065597811216,1.1064968167441862,1.6825237055690834,-0.35248032832284537,-0.36608178290013677,0.07147479218673052,-2.6496854952120383,230.02073999192888,257.458854653078,151.70828544781122,0.002494471566388514,0.043265765714090305,-0.036303574088790695,0.1397030123584131,-0.9194832192216144,1.5408926699001368,0.24129471175102601,0.054033584376197,-1.9761754418604653,207.08023159411766,315.2629816689467,0.06175550541632413,0.8177695661044904,0.07999528040514663,0.38008492952469575,0.32156750834788955,0.756186290774647,0.023445551504346778,0.06274778427457293,0.055439953678995284,167.61211041237323,7.328646795755975,112.41249753381605,1.743364856711735,2.9765932393806467,0.7438124287998231,4.219472358631263,3.99769260218112,2.75549848054508,0.12675693642835864,0.413260048534811,0.08291133059088902,139.45754045504026,115.09842468255547,133.0370044659133,0.6022645662669226,3.0612171428932595,2.022719078687851,6.14338669072642,2.7870435958716273,2.767624881949561,0.07014979421195291,0.41589192251170476,0.14868632343360677,139.70722591741344,36.88673522073291,URU
47,29,55,80,58,81,24,30,28,70,26,76,29,16,31,73,54,64,30,14,28,43,41,76,31,18,29,84,73,57,29,18,29,51,44,0.0038295732877791865,0.0016493454205583778,-0.004279300777030455,-0.006554118147335023,-0.011369140206218292,0.03430242573451777,0.18403389376903553,0.06087531532182741,0.6608256676395939,251.49426057451774,303.84171472715735,253.84946012675888,0.01840843660659898,0.07795346437817258,-0.010754632770647208,0.007387377286801998,0.7308389643730966,0.34494405088832486,-0.18783225140532994,-0.3054655154005076,0.3104710239847716,164.95239094200505,231.09276421319794,279.61785778823605,-0.0007347471359136974,0.06987505374619289,-0.04713994568134517,0.21333452956852797,-1.561291282993655,-0.05387296841751274,0.4669194326142132,-0.2797663782522843,1.0090906340101522,168.50336286449235,50.12780128705584,0.09548354977131009,0.7200769267716693,0.11040843558524094,0.5250990964892656,0.9780965132293955,0.5863429163410959,0.04826173742422574,0.04610196119098733,0.06000414094878226,158.44336247167226,84.461256813834,160.48259168750278,1.1414832940537216,2.574464852921653,1.0640558998691072,3.4786767227306914,3.045449685192747,5.107546520838048,0.09659341640774236,0.27820805121577985,0.09834779583461124,142.7409369194549,17.805888349365702,130.20174992206992,1.008112882778222,2.7377719777809704,1.493244969044,3.921610148090506,2.9460300841265443,5.917710506045576,0.10159738574309778,0.2931135677102712,0.10841339242281763,140.9809086744959,51.198014886800564,QUI
46,28,54,89,72,84,22,28,23,64,20,104,29,18,33,67,56,70,28,16,26,49,42,85,29,21,31,66,66,60,28,17,25,53,53,0.002996266471146241,0.005205283326877462,-0.028229227293807634,-0.0001711183544136918,-0.014825718935441346,-0.07169542770355732,0.05162498033654809,0.033346949192358366,0.4505744304347826,69.02051599382082,227.29415461805007,240.30395307666032,0.021559774660079044,-0.00604096047035574,-0.007755336388274042,0.48598503271409754,0.7397596753003953,-0.03195267241106723,-0.31709187843083003,-0.24785918022990777,0.32564398448757575,192.48249440345188,253.21948729907774,265.59315859235835,0.007390622845849802,-0.011616191778656132,-0.07667741930961791,0.3319642777351778,-1.2324496395349145,0.2969363426350461,0.3812973212121212,-0.27063836678102765,0.5345095496899869,183.64744155823453,80.51123033649539,0.09591164941403223,0.6938992744740284,0.10865579420366286,0.45471922747137,0.7335709298351625,0.6160890673916484,0.0712234018316005,0.054245852879421116,0.14192277807631146,124.8248673423005,142.1426130143055,168.341381281522,1.3625478335768193,2.724966896656415,1.0847361079005553,4.386215689997501,3.8996573973947375,4.678557741571868,0.1378755160655382,0.29043328669954765,0.21274426060762278,141.2859814947857,51.39485706572029,128.35910134437884,1.2797693317963394,2.7065010609932143,1.2039001450721143,4.1711582403542184,3.3335025779208736,5.287574263287948,0.11617213142056411,0.289606874271554,0.3537910579953057,141.156231659867,83.88314674851483,QUI
50,21,52,59,72,92,24,21,37,76,50,120,22,22,33,70,69,69,21,17,21,49,68,55,22,23,33,66,74,75,21,23,24,54,62,0.0055421056602248985,-0.018800092387724232,0.005410273033333332,0.00134785395046854,-0.01583195610575636,-0.010171420941900938,0.11954513358768407,0.24097436101740294,-2.4799019558232933,309.9129946338822,353.68483574297187,153.46260798926775,0.07212366318206158,0.03855469680856761,-0.033617969168674704,0.22573237709638552,1.7307479477282461,-1.424051328500669,-0.4103771439089692,0.013873463993574297,-2.444801499330656,207.3766176064257,263.64672117884874,102.3486308935743,-0.07229525997322624,0.04587814444444445,-0.02971223008099063,0.6180512641874163,-2.0961501559344042,0.4172880655421687,0.6609489026773762,0.006426336037483265,-2.446107184738956,197.74136378353413,98.55992610174027,0.05671656116063799,0.8596406922181535,0.08279077280418425,0.7791790525603918,0.20481221278919318,0.26089577954356624,0.0356622465496016,0.06836771402992377,0.05937043184056389,116.49135610851168,2.179529723033544,177.08836004159377,1.7294082426003916,2.9971077422805297,0.6788179340593943,2.5374203062906315,4.102960935442041,3.866109155229956,0.13099024692392988,0.42303854063027874,0.10045962367002605,137.41837370018126,106.98689843321176,110.55386586698155,1.9820977264954684,3.11043405548202,0.7496187884310929,3.6702024175047065,3.5315529815815343,5.317993021761269,0.14980034345157697,0.43207775051485375,0.07316727356053511,138.41383648587535,109.50792051620334,URU
51,22,54,75,94,103,28,22,35,70,90,118,22,24,45,69,61,82,22,22,23,51,47,60,22,22,49,77,60,92,22,21,29,55,44,-0.009718537058558442,0.007865419602597401,0.017277752661168832,-0.005986320625974014,0.005640238200779219,0.0041843707366233775,-0.5888068344155845,0.05660524039818181,0.4319103350649351,347.45392935064945,83.53093769715454,257.35187887230495,0.0030669714909090937,-0.037057934216883096,0.01801976416753247,0.8347174452246753,0.4018586938181818,0.4233864589111688,-1.0561389667532466,-0.10081833233506492,0.43679528493506503,235.81312423538964,220.41064207792206,209.04317926818183,-0.03687766022077923,-0.0288626271609091,0.004036270262337661,0.5712250960519479,-0.8744174977818183,-0.0003847901155843935,-0.14876259524636365,-0.1134845335090909,0.46422867883116886,218.88024524103895,127.37333145454546,0.06640305296016545,0.9374475125077474,0.12161046612190751,0.8061961589709769,0.2145925500028799,0.24429288238793648,0.04185286280360516,0.07325652345246463,0.16009476311589263,3.8867170656743544,149.5316963064899,161.2303290158332,1.952614354720097,3.099430543165313,0.5759528307861085,4.664139389992139,5.011040752934761,2.4937278915720316,0.1672162482253318,0.41026247252092596,0.15713214325071362,132.5097989623488,51.42313002094937,133.3236255492566,2.0394390123254573,3.0706786056274473,0.5693292965772437,4.8681824135559175,4.777776320081572,2.757538996225808,0.17081851347189608,0.3999401616180296,0.1624882400129616,134.52796956061218,54.36008707983834,CAR
54,22,59,76,91,103,43,23,43,80,90,121,22,23,51,74,60,80,22,22,33,53,47,66,23,22,45,84,72,83,22,22,31,51,56,-0.001593755828100265,-0.0021341817084432717,-0.019025529176279678,-0.009224564518073877,-0.0020311384263192616,0.004943713372031665,-0.4861987947229551,0.0632833109469657,0.4483530191292876,348.5871381266491,237.7651927995237,259.6814694644591,0.04085529449868073,-0.03131105862137206,-0.016786992372295514,0.8175696989313984,0.2845083480250659,1.07173094333905,-0.9695386221635883,-0.10351800041688657,0.40584507823218996,229.95115716048812,214.72085877308706,202.45265702017016,-0.0545986995949868,-0.028973721609498657,-0.05289542715699209,0.9943812703693932,-1.1127467462005278,-0.28598229350395776,-0.039350383457387866,-0.10911837621899736,0.4970984183377309,216.83191491688655,119.39332179538259,0.057215738618581743,0.9347878948103502,0.10544694020446017,0.832764073933941,0.2497063443801619,0.24345290791913693,0.04243788863718776,0.07116495850025638,0.10035229715134397,3.915577309681843,169.02707419116632,160.07866813865024,2.052954608172189,3.1926542863181613,0.5192896436259953,4.656509653509225,5.222620921459235,3.085766566596806,0.1630083359323695,0.4176587896869012,0.10104657405341627,130.50876403392158,60.612967276191156,135.25906541492412,2.084038497446498,3.1655561015178577,0.6696920480667414,4.845341230265756,4.741384678623398,3.1189915585574495,0.1661330823030522,0.4102031554369982,0.1109402215557928,133.28117159953467,54.43191462249134,CAR
53,21,54,68,64,96,18,22,28,88,54,106,22,24,27,80,70,79,21,18,22,50,63,51,21,23,40,65,71,64,22,20,24,48,64,0.004712754187213996,0.0006337502760430722,0.00011351328532974476,0.0022339569650067304,0.0018733510306864047,-0.007846161357200539,0.18790699676985195,0.2431675410497981,-2.4646261843876176,259.57353144362315,243.8065898619583,66.08196037221157,0.033881437321668914,-0.012242080041722789,-0.0234425846013459,0.43978801343001345,1.481190132476447,-1.5987512477927321,-0.32916533264580083,0.07588144565006731,-2.3812311520861376,225.066798684926,254.9313205462988,115.52540319407808,-0.03323322358815612,-0.00795902561641987,-0.02407316306033648,1.312082055359354,-1.6817352432516823,0.31257188635335126,0.7254527351278601,0.0451998860551817,-2.4793257537012114,203.78576110928668,100.27228688519516,0.05628363867835998,0.8465097721103967,0.08939832648877347,0.713301397376162,0.2619327608040515,0.2179752069516857,0.03161434142597133,0.06777356011332615,0.05036450345540617,157.72799769228254,165.96523889801446,137.71672358441583,1.7859710605287047,3.0418398284894663,0.8441053037188779,2.6608872804913806,4.118093089806055,3.8616853707378658,0.13767028897648875,0.4186333139592577,0.08834567375630387,133.47327407204986,119.28024323089922,119.39975959497156,2.1561047291509334,3.20339593632154,0.6110054343434417,3.602190305207854,3.5560876191643587,5.181212426170636,0.1580761943649423,0.4355606721790369,0.05991508164678691,137.64107028919867,110.15750035372346,URU
51,20,56,65,71,84,29,21,32,64,57,115,20,22,27,75,64,71,20,18,23,48,57,45,20,22,20,78,82,77,21,20,22,48,72,0.003116162883960948,-0.005471685228730823,0.007473616741896793,0.014439294569316597,-0.0011511484476987455,-0.0008388954953974899,0.147651239888424,0.250558470013947,-2.5442609358437935,316.23484825700695,353.36931157601117,169.2803975553166,0.024028758909344486,0.046797334863598335,-0.023662635496513255,1.3950814796596933,0.7671121252161784,-1.4748103721384938,-0.33282756278940023,0.06356318511603905,-2.513183582984658,247.45716765564856,214.70652518748534,148.8799160577406,-0.03389209922064157,0.05831312649790794,-0.03296768459832636,1.542398467735007,-1.200971948716876,1.013375720571827,0.5994637881450489,0.06043237087545327,-2.4525404351464433,215.28317245564853,132.68400207478382,0.03327390903182188,0.8431361649228895,0.08458842701208139,0.7163431424303048,0.14290030554744587,0.21082342526791137,0.022533038395667844,0.06626386144466045,0.04254995392649346,109.16594988550045,1.1480927857591374,179.1636884546039,1.8705930266236048,3.020192911295902,0.7895135487252477,3.5670308777349256,3.8198653807575993,4.100688069155459,0.14186042411815877,0.41975647012497197,0.07109269855765733,131.35408815335302,144.17471882340365,128.25443400089665,1.8968340506958448,3.033456462092869,0.9977907031951273,3.4266021281165018,2.9976117758001863,5.421713360628828,0.14158720403755476,0.41249034820439057,0.08656473392396666,141.69350644474142,148.1451387496007,URU
61,22,55,88,97,102,41,26,43,78,89,122,23,24,54,69,65,83,22,23,35,56,53,81,22,22,45,83,68,85,22,22,29,48,53,-0.0012867469275848564,0.0006076529464751926,0.0020059329776762366,-0.011251808045208877,0.0009466023772845965,0.010528786783681462,-0.43845677937336813,0.06475607314804177,0.6579524084856396,343.22438029281983,224.09574301915407,292.4470043067032,0.030894637966057438,-0.029264776186945184,0.0075761818492428145,0.9571386442686683,0.4843031613798956,0.5610104075300261,-0.9294622049608356,-0.10186285600130549,0.6196338690600522,231.10661353355093,215.6141949738903,190.32338254561355,-0.046331402040469954,-0.01781013867493473,-0.02807795759399478,0.3376867895496084,-1.1570338271279375,-0.13973077546383808,0.022814468847911225,-0.10518974783420365,0.6947777280678852,216.07220032323758,120.42616516840731,0.054636293240730424,0.9537868270868548,0.12874631296256284,0.8055885468062675,0.23973710596388628,0.2812335431060282,0.016880275545437664,0.07393056836410028,0.0727185113473591,39.557171720836216,172.2179535004069,138.5657693328028,2.0445181861529993,3.1844015182430794,0.4462494469174817,4.627644381364844,5.12096136884496,2.8921777140112765,0.1605919645033566,0.4199847796845753,0.07842308732113157,131.15590561392722,57.78998878868556,137.7761807650492,2.03571686539417,3.13965368417162,0.5658381346379924,4.942821628644004,4.383645721208605,2.6770190669387626,0.16155119121726946,0.4133636569253512,0.0994513961211905,134.49678877970888,48.227359023451086,CAR
52,24,66,60,90,99,40,35,43,59,73,111,24,24,58,75,64,92,23,23,38,50,56,59,24,24,63,82,78,93,24,23,37,55,64,0.023315535912626268,0.001787611099747475,-0.012838626515530308,-0.016220445950378772,0.014451665346212124,0.00029726667916666455,-0.22625596065656567,0.10459581498871212,-0.10045390127854797,343.62751073232323,317.03521148884823,330.67011674953284,0.03372088979078283,-0.03317035792436872,0.0018434487146464639,0.5678440387613636,0.47360973431060605,0.5211794567979798,-0.7193737489898989,-0.0957519292530303,-0.21915667220959595,224.07001946729798,212.41033497474749,161.08711132630052,0.014169244719696963,-0.03270223057575757,-0.006620540452777775,0.5787930674898989,-0.6422042961439393,0.18723146940909088,0.241957314375,-0.011264569141414143,-0.048052841301893946,243.04898158156567,118.46658241161616,0.050763808556181934,0.8715663039973286,0.1017278014420087,1.0987497375119317,0.20797147021034473,0.27535084202090354,0.07249479142996713,0.06446972107511591,0.08217095272581174,4.7364911263039415,111.79190999160359,94.54309844752574,2.097367988404746,3.189366641981983,0.45687758378909404,4.607878883709274,4.7520251183312645,3.5744832266956545,0.15843606230787016,0.40831625375604946,0.07935627236840342,133.22692334895046,51.32088828125525,138.94894805440762,1.6263992386362967,2.8230520770627527,0.528571882307921,4.532677080104712,3.770711284052739,2.2181555233024746,0.15118910507726424,0.35645384505494193,0.09212321074771386,128.87599332990666,35.38818905957665,CAR
52,28,48,91,65,82,37,29,35,84,34,85,28,20,32,63,51,65,30,16,30,48,47,83,31,22,28,81,80,58,28,20,28,55,64,0.0069465016066240885,-0.0005917265791610259,0.00151177020345061,-0.06023641320307172,0.0032936235635994348,0.011612506143572388,0.30031636346414076,0.05652644592801083,0.7326554148849798,232.93817020412718,295.8135681605413,232.8361441248644,0.04106102668064953,-0.01179444608119078,0.0100020468947226,0.5497306221786198,0.7885189154519622,0.36707727096617054,-0.07725637630581868,-0.23935670356008118,0.3831814128552097,190.45645070933693,223.60979201623817,271.50768068646823,-0.003235294889580515,-0.025333653212449216,-0.041256575457780775,0.35317352087686066,-1.6958944793964819,0.5296537688903925,0.6020499171853857,-0.22080638748267928,1.0504681217861975,189.87790984654941,69.34137519594046,0.09860891510238087,0.6768491240864506,0.10544552894523163,0.46190184987858085,1.0748194965764608,0.5057210310141682,0.050785856470055096,0.041666378059459136,0.030027767095537027,165.4869686753226,96.9911229677875,170.1280697701068,1.4292463577104622,2.8745923183984794,1.090963642612517,3.706245199462952,4.356914489840605,5.236604695179133,0.10250481539623929,0.2955183369247149,0.09116336763940536,141.06436374442677,32.46685447302928,123.24843993476203,1.0509194539191553,2.873315252071841,1.5429434652634755,4.394895707617644,2.5345810040704078,5.978350236761317,0.08165835972594349,0.2941049465597856,0.09540007363197603,140.9725829926217,91.78076337896931,QUI
51,22,49,61,72,86,15,22,38,84,45,112,21,23,29,72,65,76,21,18,22,47,70,58,22,24,34,72,79,77,23,20,25,52,70,-0.009955683227801606,0.012240202821715812,-0.011512013946045573,0.004340755002680965,0.010141738285656836,0.005690962859919572,0.17344858674262736,0.24412761340482575,-2.528081903485255,264.764415400067,352.9966233243968,104.36430071826877,0.002351097603217163,0.006478596406166225,-0.031448615891420915,0.7491930660120644,1.5170662947319036,-1.533039043880295,-0.352657563002681,0.0733963209424933,-2.4959145938337803,216.69572423981234,263.57428331474534,108.7572918483914,-0.03239509199195712,0.006282767323592483,-0.038089425351058984,1.1932778978954424,-1.9535931684182304,0.7942413925469168,0.7071570432975872,0.04011090850991957,-2.4905574302949063,203.54396398809652,101.90706051300268,0.07187739416517736,0.8464344378681964,0.1037342905231087,0.7305083838900944,0.2256319916795427,0.2576711637108115,0.033264266022508426,0.06683424947756725,0.049702306087411885,154.52319363857643,2.703985835382997,162.07178029984874,1.7692923842703674,3.103050334799044,0.7185015619221069,2.376461225980835,4.008389445163692,3.93514282518903,0.13498795916389023,0.4234876220533877,0.08680555722653534,134.97891082330554,109.10390249234577,115.0157717197095,1.965938853300493,3.1639159097869762,0.7658733684506155,3.4489508047204467,3.5687801463693707,5.136780681972571,0.14338104639155613,0.4278116357735747,0.07387860853346823,138.02173813278412,121.67704841185873,URU
56,30,62,92,75,85,28,30,37,90,43,112,29,19,35,62,56,74,29,15,29,54,49,92,30,26,30,92,77,61,30,20,30,59,82,0.00300324009390402,0.010957447604280156,0.025309393346420232,-0.008202332546601819,0.015791775419455256,-0.0021851895018158225,0.21769388326848252,0.07037231746108949,0.6047171129701686,294.8102963988029,338.40423748378726,278.43684581823345,0.032443126845654986,0.03540991468223088,0.014670879452658889,0.619881915230869,1.1117973062671855,0.2616662696238651,-0.1723890886220493,-0.20098539029623863,0.3139915295719844,192.56498409297018,240.35992827496756,255.8364949263593,0.007575586428793776,0.01477652905577174,0.0030263194797795086,0.19005741542153048,-1.7861788093613489,0.28113901520103757,0.5254406291828794,-0.18084832576783397,0.8932036704280156,208.83914432892348,80.19080167444876,0.060812580433962544,0.6923737364247227,0.07431598837432243,0.45595660204966315,0.33577934307688323,0.540393613991865,0.029909886476915833,0.0417450654483947,0.08164137298997676,132.60484808604377,6.868378960595169,149.45935027709754,1.604802741248226,2.909471910611606,0.8882851509486611,4.703830104044334,5.026565280666413,4.275123021602,0.09193996815045057,0.2990004451886241,0.10257320718622386,139.23510160794567,42.964537229480996,135.40521329907432,1.2468722101536327,2.8590268166377952,1.4709992365974698,3.3136625855708504,2.7024319058895907,6.553231907877114,0.0699662330406132,0.29303572266380457,0.12259738032278215,139.36914459774584,105.74816473973799,QUI
49,21,46,64,64,79,26,21,31,77,50,118,22,24,31,72,62,76,21,18,24,50,64,54,20,24,29,76,76,71,21,20,24,50,66,-0.002718985381142077,-0.002312942942622952,0.010597361451147539,-0.006204904655874319,0.007559620477814209,-0.001337579587759563,0.11493041510928963,0.2422933618852459,-2.478658927595628,294.8477766156421,351.2292770491803,184.96479554944676,0.04066367499863388,0.08307703213797812,-0.012057855796857928,0.7633479436174863,1.617440994385246,-1.242369877296448,-0.41345411076502736,0.07188810749180329,-2.4862443319672134,224.27651812937157,253.09796892349726,118.4422177443989,-0.056712403946311475,0.08398398309289616,-0.014512301266803284,0.8770963073620218,-1.868812402240437,0.5594973003319672,0.6469048566939891,0.06236444933907104,-2.426600569672131,212.88920002650275,106.10878059698086,0.04759965632163744,0.8450156507893765,0.07857959147968405,0.7155880293050887,0.19998513698703044,0.2833744160427898,0.03935401809404023,0.06661362429043705,0.05883569512446171,132.6453655471896,2.9199283918459558,179.10296219712984,1.8401592867689276,3.07887119722486,0.6121140461767538,2.6915216589754554,3.9183758424888304,3.823774347675034,0.1418022297530426,0.4275801271744592,0.09969755600544444,132.80385680316883,109.6110064954813,119.92076597308576,1.9096330776438295,3.151574430079802,0.7468756709006574,3.096846409545356,3.422372441637264,5.264882844410957,0.14827304714523543,0.4312651231068581,0.08009822050978234,136.09024096993065,118.62411399903827,URU
60,23,68,65,97,107,48,32,47,57,90,134,22,24,59,69,66,80,26,25,39,50,44,62,24,23,56,92,70,91,23,23,39,59,52,-0.004267803224332459,0.008409545230366492,-0.000698880679057593,0.01477051921282722,-0.006237523204358638,0.014288853752748692,-0.4480272178010471,0.09486820154174083,-0.14851919184554974,344.5348668848167,242.79990723364202,227.06472638399816,0.008263196871465968,-0.1266468987434555,-0.011350596375654456,1.2950551444463352,0.43872292599476437,1.017878133106021,-0.9558368662303665,-0.12787185092146594,-0.19713740760471204,230.37566656492146,222.741887539267,164.7078657902487,-0.012272191301047126,-0.10052249408115185,-0.01913356739253927,0.6947561894502617,-0.7452544755840314,-0.17370274856413612,0.04405521543717278,-0.07629854504253927,-0.1471529498062827,228.68988890850784,123.6287744764398,0.06262606927665303,0.8645768882193078,0.10419018583906772,1.0367489502141711,0.18194416792774923,0.23050519647315115,0.03275752847565087,0.06430744666504296,0.04243035851700084,4.351665642263951,167.0950717590172,172.50468382598768,1.9615162355671958,3.0461547209569613,0.46783139056634043,4.613565265381346,4.630542887927062,2.9515864515982333,0.14311190797888212,0.39650919634875004,0.07498749137302708,130.92511109268165,62.573056968499735,140.7917548318022,1.7960605344249703,2.9294139256948433,0.4205990165071418,4.833028507934634,3.7983319899865187,2.6752257919253797,0.1394691837118993,0.3788227424426105,0.07047101670079008,136.87260242683345,34.99752289978536,CAR
52,22,57,71,95,100,58,24,55,68,83,115,21,23,46,67,70,80,21,21,34,55,48,57,22,22,47,70,66,83,22,22,32,57,43,-0.0009754853150730774,0.01579342357948718,-0.017296325175641024,0.0029037366923076935,0.01797028178680769,-0.0023002996885897443,-0.3118894143589744,0.09944043268974871,-0.8906603346153847,345.25653294871796,195.8809027946923,256.6329679380782,0.004470415814102579,-0.02664950700000001,-0.011722925119230768,0.6694273571520514,0.21823281511538467,0.36521771578205126,-0.7620044503846155,-0.04908527183910257,-0.8917078046153847,254.6383478638205,206.0442953846154,189.8199660429487,-0.025520644608974324,-0.007095405960256384,-0.02300524065684615,0.5248087799615384,-0.7455611966025641,-0.5406748734153846,0.12276961934358975,-0.05489660551551282,-0.8495373174358974,224.64510283871797,131.67995671794873,0.04949684721192071,0.9302134079406725,0.09862661514508977,0.8371763456219357,0.2266721949595555,0.2308995676887197,0.024123165349988793,0.0744400664132491,0.090900060238219,4.1094903058959975,177.36448902252866,161.45462349542106,1.8626723221393746,2.9761927111561306,0.4741716024717342,4.459013454109253,4.765962928632235,3.100995257441569,0.16231071765455643,0.3953200456642709,0.09271298952047247,125.00322926244058,51.41823163899443,130.89082238955424,1.9962347609218163,3.0850728038840805,0.5137882067797329,5.1208533324969245,4.4996000741054845,2.1558264087624464,0.17121781176787962,0.40602860707892513,0.09897811038467107,132.01786188321495,44.4563596778362,CAR
56,22,63,77,101,104,50,31,52,72,91,128,23,23,57,65,66,79,23,23,37,52,49,62,22,23,51,87,66,82,23,23,38,51,44,0.006676987588597641,-0.0060816883525557,-0.01039062053001311,-0.008635777813368288,0.003912464709305373,0.001346978556094365,-0.5458402017038008,0.09583454997104848,-0.41510062896461336,346.5999799475753,35.15820745785977,264.673972504557,0.05148591157667104,-0.05127986947968547,-0.001270620268676278,0.9422785342220183,0.5348739949410224,0.28167779527653997,-1.0070645500655306,-0.051252624047444295,-0.4295967325032765,235.3288495299476,218.30039796854524,177.91729609609436,-0.052345560394495415,-0.02808911147313238,-0.014550773584505896,0.45288210745609425,-0.854777073706422,-0.12919954362385325,-0.10222636958414154,-0.053287891246657934,-0.4446631820445609,227.9311890415465,136.62580370904323,0.05472719324317846,0.8846715982544521,0.10453791301514767,0.8728169983447267,0.23050561785687773,0.28938703573448393,0.02747539990393907,0.06706645512730765,0.036879122946479645,4.802179565348631,102.31246067901247,156.85299043289427,1.9289515113967934,3.0326633981489577,0.5141521445081612,4.770861727995687,4.991702056457493,2.821996572825802,0.15802172505600687,0.3909225142966252,0.06785288706975258,130.868247738298,53.85161195572411,135.47641204632706,2.023794829625601,3.0421290663912424,0.4459644079989317,5.389238308881354,4.351960530763225,2.5503246587398247,0.1690538806041819,0.39096466224957666,0.046817628277139194,133.3812865513744,39.65271534978335,CAR
45,23,75,69,85,102,37,27,34,57,82,121,23,24,52,67,73,81,23,25,27,48,68,80,23,24,53,83,67,88,22,24,31,44,65,-0.0019410733937748356,-0.00020955627046357472,0.038123900999086094,0.004357605732317882,0.014077434683682118,5.283944900662221e-05,-0.3922726974834437,0.10331068211743046,-0.02007470227788079,344.9088888741722,290.8442232033377,179.33116036154223,0.04373426162913908,-0.020303172521854297,0.007414026554966884,1.9949147626754966,0.9776326655655628,0.6330352219006623,-0.8297818622516557,-0.053875509451258276,-0.0030743467964238326,235.3445907352318,236.28611192450333,167.6016767437351,-0.05162236099735099,0.0029918694344370565,0.009553248513509936,0.9529524616953643,-0.8547943962993377,-0.23835432566092715,0.04290168005788079,-0.023134384530198678,0.0238563155525669,227.09115627682115,113.84999153377483,0.0474438009337961,0.8648680901331158,0.10869498762544257,1.00031297103805,0.19779299698960362,0.23480442947974006,0.022196127641187915,0.06437535908597204,0.1264090362084936,5.292558023519097,139.44019462626963,178.82073582844345,1.94681815798205,3.022780218071694,0.5212155980055743,4.755939291049137,5.215675307730645,3.2264027640240203,0.1456807535059167,0.37955388922621625,0.1258339643836469,125.86029206276325,95.04728858252874,140.06666616034673,1.8278073528011776,2.9678274131454723,0.5098134184190225,4.661963891801227,4.195158548129572,3.058364144611379,0.14332696988588128,0.37197641877603865,0.13468913189490525,128.82136995921596,52.138471371622515,CAR
48,29,60,89,64,81,27,30,35,76,26,77,29,17,30,71,57,66,32,16,30,43,44,92,30,21,29,78,71,54,29,19,29,53,52,-0.001611345092343629,0.002906472792792785,-0.009833514995212353,0.03730539963835263,-0.00453751236203343,0.003349337175032173,0.3202478154440154,0.0588070482894466,0.8290201770913773,254.2950452243681,326.6916703989704,233.14484909073593,0.03692717834234233,0.07422588953693694,-0.02788447517220078,0.2236661878597169,0.9289109150965251,0.24831905922522524,-0.08092103944379664,-0.26467198554462035,0.5155973382239382,177.20201924054055,238.64844200772202,278.5968460616474,-0.027074846350064356,0.059712555138996135,-0.0681834985083655,0.016601756104247124,-1.6823383908790217,0.07879150985842986,0.6568913942084942,-0.2580051051284427,1.1460449683397684,175.11497847586872,57.5658617966538,0.07470475017187864,0.7205910626664823,0.10551823340267356,0.49584997803717473,0.9232912300757107,0.5213184996981627,0.03958362484770448,0.045923598128315236,0.06461844776613672,157.09373590532041,34.38645242090973,168.3654138661748,1.2502606818183908,2.608539821350697,0.9826593728087551,3.8853037541649225,3.5476939354440535,4.701781381785882,0.08279774925866602,0.2733636834961501,0.11232035708377681,142.94530507920612,21.615688920661835,133.0393192061322,1.1812051893531925,2.7402052382232713,1.3729987293106145,3.043040896507012,3.200437120191259,6.4720886361609855,0.09856027733444996,0.2860284955848216,0.11762119117432743,141.97761695408954,43.708012451763594,QUI
46,28,56,85,71,82,28,29,23,83,27,105,31,19,33,62,64,72,28,14,29,56,50,81,29,29,29,89,66,66,28,26,28,58,71,0.003808774626552179,-0.00275813382298547,0.015127875496036988,-0.024594411750496696,0.018674092013474232,-0.015480271472919424,0.4434387696169088,0.056453469886129454,0.9468614793923382,243.57531059746364,296.9900687068692,201.15471312534476,0.05871275438177015,-0.039225052237780694,0.029823640610964326,0.505035929326288,0.6730235447225892,0.6351802796565389,0.060344326459709385,-0.24397560316122852,0.6254403040951123,192.33657338863938,219.54532980184942,267.3800325785997,-0.010748789426684289,-0.05723078500660501,-0.03296193261439895,0.3501443066125496,-1.765498832314399,0.47076379341611624,0.7734280183619551,-0.1963010945224571,1.2503145611624833,203.47193690039634,79.44569568758256,0.08052077359078492,0.684803260947434,0.08818926674905177,0.49068155345668346,0.8754644848756818,0.5481226742833465,0.035489902632268686,0.04303571951103783,0.0797773845526258,163.36470026570493,95.05555559283279,176.77947211819688,1.6852278723764127,3.104457341886706,1.0716494255688023,3.588568319217213,4.685842969511628,5.384791908527107,0.1063698367065322,0.33316805631103247,0.10865063170687206,140.03693593616623,35.51552481697204,110.45611961321372,1.2886451391578166,3.052204409407589,1.7223589104011452,2.867967172017301,3.562853952525123,6.76167176667582,0.1003761808092506,0.32272019223037035,0.1340128169631753,139.99907694857248,86.41955811752244,QUI
45,29,58,82,64,81,26,31,28,64,28,88,29,16,31,65,59,71,30,16,28,46,48,74,30,23,31,84,75,56,29,26,29,53,40,0.006607524838888319,0.0069277999107830585,0.01112895929105263,-0.002358559454428753,0.003733707449165591,-0.02289453584082157,0.40187887201540434,0.0618883955926059,0.936053306546855,333.6077661793839,316.27989165910145,277.54420145124556,0.04040898811810014,-0.04397314539281128,0.03966160537971758,0.5219115541335045,0.6709221026251604,0.3968283634274711,0.001215968629268288,-0.2819469869566111,0.6176543690629012,188.0423521462131,234.4182549935815,286.9465039849807,-0.02538998347997433,-0.04994250764056481,-0.02666823721052632,0.13365063715019257,-1.647802575609756,0.39686056865211816,0.7076016697047496,-0.25560788448844673,1.2342855620025674,184.66726255075736,47.60457406546855,0.06864256139251122,0.7315860530612428,0.07280882730172156,0.5009849268087856,0.45433131960003154,0.5657973715176393,0.058027104515649984,0.04600798630736914,0.044234431923685334,81.21111301365751,80.48454623321852,149.0282910492281,1.3162486234434356,2.6219483783203095,0.9904111924535153,4.026217133549825,3.831140479918543,4.514447359310894,0.09159815770200369,0.2787619806473386,0.09717069017682158,142.1391721262683,26.472499123334718,111.75693205476594,1.1023062949644489,2.667955546930245,1.4104090888985168,3.361894506552476,2.7811886934974677,6.024039512964027,0.08946232439472625,0.27996916017256807,0.0957854976374039,141.89138767635507,42.09413243587054,QUI
43,21,53,74,72,92,18,21,28,76,48,118,20,18,33,75,73,71,20,13,22,45,74,47,22,22,27,78,84,68,21,19,21,47,58,-0.003091813707146704,-0.0003960757808882879,-0.01018100079730821,0.0132954785897712,0.000807600791117096,0.0018312511177658159,0.012398547456791385,0.2384328943472409,-2.496273452220727,36.28877051328129,354.2588072678331,291.53847753662313,0.013013992606998648,0.09952218181830419,-0.03238661078037684,0.14533088678923284,1.463512388670256,-0.9569430209152087,-0.4671562323014805,0.08781431689542396,-2.4777444104979813,218.81936315652757,269.7932964974428,123.76475375585464,-0.009970078663795422,0.10036193974966351,-0.038725209169582775,1.0474492459382234,-1.5176410036998653,0.5054538219650068,0.49912360551816964,0.046156268102691786,-2.4308667900403766,196.08069102952896,102.94304596886944,0.05675399118333296,0.7887187160779624,0.07858106563349535,0.5440823990472026,0.16343037422084308,0.1897331634878684,0.021635333689341594,0.062290460663799486,0.04895905581695732,102.55343904442928,1.5663777123296136,140.25882225213422,1.4090173670898636,2.8586247664830733,0.6830786213797005,2.538884789271425,3.389385265181035,4.202700209063271,0.11930359793985687,0.40813329875175863,0.07817243645149186,138.31949507363154,119.6967658488163,127.38871236708059,1.6675213064131105,2.967749230172376,0.8241684040344365,2.714675832736898,2.5234397636879056,5.288403870579795,0.1382400203870084,0.4223756013435793,0.08796529808639061,144.0408983435163,135.06186413290123,URU
56,27,57,88,70,77,26,27,34,68,36,101,28,19,32,54,57,79,27,14,24,45,37,73,28,29,28,83,76,61,27,23,27,54,59,0.003585732592113822,0.0016137299972899752,0.02057825295772358,0.008442077761788618,0.003563170415989159,-0.005943068902574526,0.41747047154471545,0.06673123156734417,0.9175132101626016,340.89841204314365,335.3254872628726,153.29009252350855,0.03760172134607047,-0.031448706238482414,0.01726641206504066,0.5598734165447155,0.8921766133550136,0.10152101130081302,0.041450400136287265,-0.2635847999974824,0.6737924539295392,187.54905533528319,244.54104390243901,285.9112989574661,-0.00107496894579945,-0.04754724027371274,-0.010799879190040648,0.16546272353929545,-1.2214192725352302,0.5022291631959348,0.7122203718157182,-0.22763238982650408,1.190430188482385,198.415037252168,79.46837650826558,0.059290197021512926,0.7052583303739673,0.070982620964742,0.38735907118080193,0.2564140195505794,0.5224347575076379,0.06429145581482448,0.043789943018620346,0.06346225661247556,68.82002050717571,4.918733830251778,176.97842539575765,1.3453056273691733,2.4675160162454373,0.8234580427599082,4.637784383052819,4.323468634417603,3.017705552203769,0.10070315808439768,0.27423267343746854,0.09337894857862353,142.35155376592027,39.00959730501181,114.38198336459081,1.0372565771808717,2.482701316908984,1.314879646750853,4.507982304181034,2.5936907040517325,5.210063047169267,0.09297820187950472,0.2742626672969071,0.102306692286565,142.82606412817435,109.20028799489027,QUI
43,30,61,84,68,76,31,30,37,78,33,66,29,21,31,74,64,76,30,17,29,46,56,97,29,24,30,86,69,55,30,24,30,54,51,0.005985145170820708,0.012215801505050503,0.030443663251556816,0.004319154313131315,-0.0038092875001010107,0.004343088005934347,0.38810753901515155,0.0592940833885101,0.841842151010101,331.49909566398986,343.2341513888889,345.6302243622885,0.0336176950060606,0.005089295713383852,0.026889095208712122,0.4161707048409091,0.7733894498383839,0.37196694241161615,-0.043674805243686866,-0.23954536146931818,0.5530128878787879,183.26741922210857,245.0980053030303,267.82617850868684,-0.007946740536616162,-8.742463383843497e-06,-0.0009111855618686874,0.20877898259406563,-1.5913334087487374,0.46585106228661616,0.718004852651515,-0.222877075780303,1.1227697215909092,186.71743985416668,59.64202896464647,0.05783866893327642,0.7156835988529769,0.060873834893380815,0.4915310161141386,0.3155677739876054,0.5280372766096627,0.021852805852469376,0.04374494482666386,0.1071355179835395,86.71858389692065,5.348492229412799,63.626431262137146,1.2602099720404214,2.4970834802920856,0.7776468349817198,4.364312531207241,3.6202977521164375,3.945639440353256,0.07409666709790216,0.2571400036879736,0.11216255412153164,144.39824697590993,23.356895575293358,143.18271105824408,1.1039083211073977,2.6229339071474596,1.2762742470929769,2.6237199858614373,3.0759053471549516,6.360613473615379,0.06580716153246136,0.2694571827844079,0.1370294646150796,143.62134867664852,38.25455088421785,QUI
54,22,64,74,98,102,43,32,52,76,85,124,22,22,54,66,74,75,22,22,30,53,48,56,22,22,59,83,75,83,22,22,36,51,57,0.006611612853468286,-0.0016890978717948716,-0.002223671464399464,-0.0004427909446693654,0.001768460607017545,0.005544539354790824,-0.3807780464237516,0.10423458777908232,-0.5311223039136302,348.40757139001346,78.14893843181646,207.84173192403915,0.03748261149122807,-0.039421928908232096,0.0024655759554655854,0.7102084991754386,0.3474625051673414,0.5097275866572201,-0.8454138929824561,-0.026122755094601897,-0.5564099418353576,252.52841603603235,210.59261943319837,181.48667221700407,-0.03242598412955465,-0.02521349352631583,-0.0026248386260458783,0.47134591585695,-0.7836064048178137,-0.5695419515924427,0.07477229963832659,-0.013294826313090423,-0.5567670055330635,230.1956088940621,136.8617755060729,0.04631796854327806,0.8952394269823779,0.08465311241797879,0.7884640156043587,0.21833794036125492,0.24262408291657175,0.021406507298027806,0.06692509925344714,0.04914171718465256,3.5469190580439665,145.96437565971067,176.1714670988147,1.9305498901734037,3.069931882705449,0.4876355962463937,4.360966146342773,4.580988591518056,3.151587297960353,0.16115966612673033,0.3887219699008527,0.07373961968947904,125.65114019063775,45.480961410359335,135.5923857242184,1.973545573339483,3.039601282469756,0.42386629671285275,5.079428799467153,3.734257073564507,2.8652645169686513,0.17047181644733586,0.38262027463917664,0.05445566574759923,137.513929795324,29.060607862625172,CAR
50,21,47,80,63,64,34,21,36,70,41,119,21,21,39,68,58,81,21,13,24,54,66,55,22,23,22,77,87,86,21,21,21,48,69,-0.003205663845491251,0.012841702756392997,0.011595460898142665,-0.003537039077792734,0.008077668602691792,-0.02217227501076716,0.002371196292086139,0.05855168180094213,-0.06269749622516824,336.9379661745222,330.16903149394346,242.60717526692028,0.010492962846837135,-0.13410039966756393,0.008890345437146698,0.6599194639676985,0.8954173095962314,-0.24204007962718713,-0.44720140040376855,-0.18580254634737547,-0.3983819600269179,227.92826640376848,240.3831309835801,121.80488595060567,-0.010276399002691802,-0.12326956899057875,-0.017971352001345895,0.08608252318304176,-0.9529501801991924,1.039125473755047,0.33173618371467023,-0.18465873420686407,0.30436213278519514,189.376990815074,244.1349302431494,0.06742390699574613,0.8737592047082745,0.07359171307077494,0.4582864031796315,0.2687188399778448,0.7121134482837467,0.043325414138788536,0.06988134051649275,0.06559674240352853,73.65760467390831,7.523943036226157,167.62980214513698,1.6485542021906845,2.8798666641562636,0.6966425172805397,4.386107649553527,4.392197282704346,1.8827486350294373,0.13721177293950923,0.41023166273317185,0.1092283914429315,133.85231367307605,105.83693697984624,127.34209298768944,1.1296777958257418,3.066443887306233,1.8686183933206906,5.818605427699221,2.75724864855164,3.3038942297830696,0.10820490076578343,0.43075049200218607,0.1472899014161675,140.22864587843162,146.0316642791515,URU
54,30,41,90,74,86,23,30,26,74,31,109,30,19,35,74,57,73,33,17,32,53,56,80,30,27,30,82,91,65,30,24,30,59,87,0.010708902830668455,0.004486129653609625,0.01440466392881016,0.01636346375474599,0.0035526052958556147,-0.013050085196524069,0.38751230200534764,0.05346035445906417,0.8924421228609626,254.0904158779519,291.6096267221925,237.7561015113222,0.03914134404144386,-0.029060428628128326,-0.001184390200534763,0.6484549736163102,0.6666679034237969,0.6246352625949199,0.018048002825935827,-0.21101251641136365,0.5436918890374333,202.50223706684494,218.99344263368985,266.57335349037436,0.009812916794117648,-0.03231510600000001,-0.020254308529411767,0.7804674958556151,-1.8289306974010695,1.0551388581951873,0.7045146679144384,-0.16991586229679143,1.1974057072192514,210.92531342657753,82.70138572994652,0.08852487151491759,0.662230332065474,0.0939499764897867,0.4552504273044089,0.7657317320937896,0.5899340597410095,0.05411799330798531,0.041934318400818134,0.07844158683249712,157.25251371782718,105.72716862371796,168.85342641899618,1.7000737984025889,3.1198318006587047,1.1640445712411362,3.8911890374345313,5.176381360218233,5.43796323254014,0.11432745521874665,0.30928543934866265,0.08257045500669893,138.83693959493735,42.73992359676618,113.70004174870668,1.2455931776618374,3.073732991236429,1.782882662197348,4.875040331434269,2.767631108915554,6.241404270319303,0.08456828764539082,0.30003685108521866,0.1405363214701579,139.43409539254873,109.35660030695973,QUI
54,21,44,64,72,96,36,24,37,70,60,111,21,23,32,75,68,85,21,20,22,54,69,48,23,22,55,71,77,76,22,21,29,48,70,-0.011180371251102153,0.013798577215725808,0.02192966781080645,0.006430901932795694,-0.014261579827150535,-0.0010803592395026871,-0.06475767620833334,0.24592824580645162,-2.2056966975806453,320.8067581970806,353.78424872625,104.09386656378362,-0.008255282235215036,-0.08111267782661286,0.004373604370564513,1.6988728930452957,0.9325048222732528,-1.647101709400538,-0.586484115860215,0.032315235313844094,-2.152278995967742,230.51039844798385,238.18128012944894,133.74140657432795,-0.02412252136827959,-0.06960614393991933,-0.010318585857526878,1.2686598092379033,-1.3333334054973118,-0.15933384495967745,0.47040069868279566,0.017929198619758065,-2.246720930107527,199.61748372499997,103.74319213010754,0.04577984650547569,0.8719201474855977,0.08110293959494465,0.6526018863946891,0.15305815576513804,0.16929553553139853,0.04585956294145435,0.06891046972030458,0.06518167289251815,103.80713877951376,34.55038562258579,162.40321242934067,2.1707450570752846,3.154486122790686,0.7554492656068614,2.9209343725971415,4.430407228770197,4.389174040645809,0.16345147413387806,0.44050571629073393,0.10309341340863436,136.691003568832,133.4884175209603,130.69238918098233,2.4553850476028343,3.2832195017609527,0.48393240268037374,4.047709335993483,4.183192071339227,4.788172031734518,0.18268274755749764,0.4479528825507135,0.05348451227935918,138.04038249271437,101.86526185947648,URU
48,30,67,100,76,88,29,30,40,93,44,113,31,20,32,67,56,77,30,16,29,56,57,94,31,32,31,92,85,64,30,22,31,62,73,0.007910292390060494,0.0013668815679012357,0.001147960237283949,0.013951981800000004,0.005457778061666658,-0.019071112709382713,0.6038656833333333,0.05660985573179013,1.158578425925926,314.46703349975434,302.0349349286543,218.02986653513221,0.029073907114814813,-0.014474042656790117,0.013148356895061728,0.5023890953617284,0.76051744035679,0.32699925858024687,0.2134455279506173,-0.25403406167037035,0.8233093927160494,193.39706167950615,223.0091203888889,272.2652085044321,-0.0029986245075308625,-0.04395016688888888,-0.026719529811111108,0.17637563701111109,-1.5555080226014322,0.5374102438518519,0.9259481725925927,-0.20503537024074073,1.4420522777777776,208.7067045647901,82.41859689777777,0.07512666957272679,0.7078067052140035,0.06946113165986376,0.40739485627269223,0.5409887488165901,0.5537276717456062,0.03734875808989582,0.04631777150350318,0.061252119307348064,112.05888665006395,95.8262957929741,174.49874473390412,1.4702032095708077,2.9133445769644606,1.1000153918038718,3.9580515759347548,4.567337624373685,5.093223625506764,0.09870063646515889,0.3149991058527833,0.09069243977766939,138.80104170432207,48.818696486191335,118.42278832178013,1.2383644541715106,2.8917211198362844,1.5682777403248993,4.030089322024179,3.116585463104845,6.3549569075945005,0.08648986791868618,0.30585526520878925,0.11971935462305298,138.65969369545394,95.90454951790282,QUI
62,29,56,85,70,78,35,29,33,75,41,105,28,21,31,60,59,77,28,18,28,54,44,74,30,25,29,87,55,50,28,22,28,59,60,0.013537932191373843,0.015564072702774106,0.012932507986261558,-0.006451309533289297,0.0017650246834874476,0.024537338199471594,0.5445303793923383,0.05748309640826553,1.0276596527080581,314.9194684510436,334.14468639365913,142.45719317501718,0.04473396007926024,0.011955487564464977,0.028489246754293263,0.7317281412945837,0.5816773677133421,0.24966662435931308,0.16061339175947162,-0.23936860520990752,0.7001323261558785,204.92456100457068,211.4792080713342,255.40780417437256,-0.017949325492734484,-0.001123446931307803,-0.020121825171730508,0.050037799504623504,-1.7967813760766183,0.5021580993117569,0.888581240686922,-0.20602421428428006,1.302147928665786,203.53136748877148,74.35705121400264,0.07032509135286845,0.7234181704415913,0.07707279892486028,0.40587697989582977,0.33122827178912423,0.6380827159645565,0.0628136486589577,0.04512227802749964,0.06403429512113605,108.84118694511515,5.838269050048463,174.82724467600826,1.692608791275988,3.015477338177248,1.096367862234429,3.981083665507947,4.9553957636169645,5.168234541089501,0.11735398820854512,0.32880102694262636,0.1028355224199718,138.2755462055477,41.95505522145735,115.89461512477554,1.3852385968391725,3.071588650750847,1.7177513468366457,2.4845030860243345,3.9141466160741483,7.0884510303351735,0.09954492345524754,0.3261839037178989,0.12156917651813436,137.94904164961576,68.87032034067889,QUI
55,22,51,86,71,65,21,21,27,72,46,104,22,24,31,73,63,83,22,16,24,54,62,56,26,20,22,77,94,83,22,22,21,50,58,0.007358333083512067,0.015337823400804288,-0.0034081997383244005,-0.002552515733780159,0.013254073181903485,-0.01850629370563003,-0.03924165446085791,0.05943704654168901,-0.03170516734021448,336.8508263350402,322.74970268096513,140.78589249459773,0.020517497715817706,-0.11571387406568366,-0.00013841876675602967,0.9278176786327076,1.1538397910589813,-0.3625787628154156,-0.42738502621983915,-0.14318419921983916,-0.3906659852546917,241.06172461886058,229.00092739963807,130.54781028565682,0.013522357158176939,-0.1056520622525469,-0.0358719074446917,-0.05910377477211795,-0.8403086530415549,1.4923685134550937,0.2564336617560322,-0.14003564115817693,0.3421645155080429,204.43007382265412,299.8919847561662,0.08084006685508865,0.8710305514804744,0.08701134953870761,0.38229112416704536,0.3184489325782106,0.7762238482557337,0.04687517530019905,0.0693279993029932,0.05361932304956112,72.4442976387623,10.107384436881729,174.32814594839792,1.6905412925092385,2.9787271407835543,0.9466765838029447,4.308818131353772,4.3096551653117965,2.252116947036309,0.13553707594458966,0.4172279936542619,0.09964703023258435,128.41758401148172,109.0288520166117,125.76620169807936,1.0611867187058075,3.1512902416119175,2.04824475911476,6.181071933909712,3.0064353967057054,2.6312774561329193,0.09735022532540763,0.4306376129374733,0.15861963940598336,139.76832419965302,93.20326177972466,URU
56,22,61,71,90,104,46,28,54,89,90,116,23,22,55,64,65,86,24,22,30,50,48,65,24,22,59,75,69,77,22,23,36,55,60,-0.010927731090052913,-0.006474678005423279,0.02155944561455026,-0.012299411048941796,-0.0011502912276455037,0.008413682248075396,-0.3510576047619048,0.09892811547989418,-0.3253521121693122,341.11785464497353,47.15741770743175,291.01721915105026,0.01664396196031745,-0.1388746993835979,0.029461044284396828,0.902885540547619,0.3760963057142858,0.5282198111842592,-0.811163392063492,-0.017850953652116402,-0.3527051716931217,248.67240799973544,214.35309076719577,133.95763411986772,-0.048588982801587306,-0.12248722647354496,-0.001122960248280424,0.9049580472751323,-0.9126000190291005,-0.4794211442116402,0.09933268768677249,-0.004224764839444443,-0.34311523835978835,219.95903586584654,120.04558574074072,0.0642230111480074,0.8643933656152868,0.10323374440613003,0.7596394336932804,0.23705405811583155,0.22517810783369946,0.0556700535724697,0.06432347871885057,0.07706035082899643,61.716836485084904,117.505542240632,140.06334218834942,1.8787495736134818,3.0313399915653862,0.43847700164092845,4.555577422565709,4.87515826512508,2.7303851726822397,0.17186293576714018,0.3926148464842934,0.08834012869059721,124.49303088081751,52.642468849404466,126.81732772081621,2.0186504145817867,3.135359156448617,0.4552746306873752,5.045686599295069,4.612739995207324,2.3501718974913715,0.1771414584886367,0.39632121400614884,0.09441749918841763,130.74213186921972,50.07633913717189,CAR
43,24,84,72,91,106,32,33,46,56,72,118,24,24,60,79,55,88,24,23,34,52,51,66,25,24,62,85,68,86,24,23,36,59,46,0.009790195057087628,0.014398216527190725,0.004295752488659791,-0.012348554122809274,-0.002799487806572165,0.014981719717067011,-0.4321532288659794,0.09559014289072165,-0.0545696885833763,345.91867590206186,23.030877390648193,323.0025701219059,0.011087878907216502,-0.041745735070876304,0.01119481930992268,1.1127293619845362,0.43243456100644323,1.0061930262048968,-0.9525072677835051,-0.13392556481198453,-0.09717093770747423,218.8195484259021,221.43599639175258,145.86574416069587,0.008845015534793822,-0.03404519867912371,-0.006162751222938143,0.6719071040592783,-0.6595647178145618,-0.06410621073195871,0.026143668176030928,-0.0843299661003866,-0.08425338386729381,238.35009007925257,135.5137817783505,0.05684992492412455,0.8630581229355145,0.0969842706127808,1.0668511806161287,0.2593283899317988,0.22498568481278416,0.038383498214451535,0.06305162984407998,0.06624129701671926,4.997770578671197,81.53357126018402,106.30455327446575,1.9933813679938037,3.1445619643745286,0.5155405904718576,4.962487480705175,5.1263738955953855,2.9274705158189525,0.14122129277477513,0.3976540330401005,0.08488357266453628,136.5114842775212,53.4712845511377,136.87442899483125,1.6961260684450947,2.930055269938006,0.44861152256583886,4.9042114234825736,4.251284424358464,2.7158735525079334,0.12783764349266175,0.36769452247980206,0.08574270436591296,133.57654050042098,37.585761721810584,CAR
