peaks_controller_left_vel_x,peaks_controller_left_vel_y,peaks_controller_left_vel_z,peaks_controller_left_angularVel_x,peaks_controller_left_angularVel_y,peaks_controller_left_angularVel_z,peaks_controller_left_pos_x,peaks_controller_left_pos_y,peaks_controller_left_pos_z,peaks_controller_left_rot_x,peaks_controller_left_rot_y,peaks_controller_left_rot_z,peaks_controller_right_vel_x,peaks_controller_right_vel_y,peaks_controller_right_vel_z,peaks_controller_right_angularVel_x,peaks_controller_right_angularVel_y,peaks_controller_right_angularVel_z,peaks_controller_right_pos_x,peaks_controller_right_pos_y,peaks_controller_right_pos_z,peaks_controller_right_rot_x,peaks_controller_right_rot_y,peaks_controller_right_rot_z,mean_headset_pos_x,mean_headset_pos_y,mean_headset_pos_z,mean_controller_left_vel_x,mean_controller_left_vel_y,mean_controller_left_vel_z,mean_controller_left_angularVel_x,mean_controller_left_angularVel_y,mean_controller_left_angularVel_z,mean_controller_left_pos_x,mean_controller_left_pos_y,mean_controller_left_pos_z,mean_controller_left_rot_x,mean_controller_left_rot_y,mean_controller_left_rot_z,mean_controller_right_vel_x,mean_controller_right_vel_y,mean_controller_right_vel_z,mean_controller_right_angularVel_x,mean_controller_right_angularVel_y,mean_controller_right_angularVel_z,mean_controller_right_pos_x,mean_controller_right_pos_y,mean_controller_right_pos_z,mean_controller_right_rot_x,mean_controller_right_rot_y,mean_controller_right_rot_z,std_headset_pos_x,std_headset_pos_y,std_headset_pos_z,std_controller_left_vel_x,std_controller_left_vel_y,std_controller_left_vel_z,std_controller_left_angularVel_x,std_controller_left_angularVel_y,std_controller_left_angularVel_z,std_controller_left_pos_x,std_controller_left_pos_y,std_controller_left_pos_z,std_controller_left_rot_x,std_controller_left_rot_y,std_controller_left_rot_z,std_controller_right_vel_x,std_controller_right_vel_y,std_controller_right_vel_z,std_controller_right_angularVel_x,std_controller_right_angularVel_y,std_controller_right_angularVel_z,std_controller_right_pos_x,std_controller_right_pos_y,std_controller_right_pos_z,std_controller_right_rot_x,std_controller_right_rot_y,std_controller_right_rot_z,user
25,24,55,76,61,82,23,23,32,47,56,84,23,23,58,70,64,87,22,23,34,56,62,96,-0.4102945886211512,0.10133455151773763,-0.21584769732262385,0.03780360986746988,-0.03394916992369477,-0.026022891461445787,1.6633179261874163,0.5734381515261044,0.5543334999919679,-0.8573043959839357,-0.04463519034488621,-0.18916862802677373,234.09114451178044,234.17742096251672,162.99712565053548,-0.06841836291432397,-0.013729196746987958,-0.026688254741767066,0.8312261816746986,-1.0593420678487284,-0.47518135579651943,0.030141570064645247,-0.014417625985676044,-0.19536685448460506,215.7194528038822,117.28496548862114,192.22833901273896,-0.4102945886211512,0.10133455151773763,-0.21584769732262385,1.7503966614388609,3.0193334478334233,0.5707380754266401,4.498345137382819,5.083805034244053,3.052602639598223,0.13300258737030138,0.38830491237822473,0.06288495815740655,126.23732505346474,77.9670991265866,139.894189224216,1.9394617009128752,3.1150007780166713,0.49803480695957597,5.115554322849762,4.715092192804279,2.739324754187224,0.15837139057238572,0.38869263442395446,0.06407491163264271,130.63341357480385,50.020246496413094,147.90526359703887,CAR
24,26,38,67,67,85,23,19,26,49,59,50,29,20,22,79,88,95,24,21,21,49,56,51,-0.01606599015658602,0.0629188262233871,-0.050251236661424725,0.0634375715783602,-0.12819063603360215,-0.013388713896505373,1.3157933767204302,1.0791179563709679,0.119497311952957,-0.3967334480376344,-0.10795220756760752,-0.37456324208333336,260.80377476172043,219.20792933602152,142.5615896808804,-0.002963572883064517,-0.11747069163172046,-0.07211702155376344,0.22857325158602151,-0.1831480271451613,1.9673008203225808,0.2795725116532258,-0.12210155256438171,0.268602770952957,200.87431573198927,304.1310436096774,197.6939157592742,-0.01606599015658602,0.0629188262233871,-0.050251236661424725,1.751214523022167,2.842477272581269,0.7189064149993247,4.5502601372107065,4.082699692423724,2.1435881253914584,0.1524783748146481,0.3954502197085743,0.12814024172560948,119.01035838486605,119.76985377617194,123.36903480763571,1.1391017916658317,3.0047511846762966,1.9354591965451389,5.773215920785007,2.5673170997204844,3.095488949837749,0.12715290246141175,0.4151477991397427,0.16972907428060482,142.9376574467375,78.00147090145664,143.44373964102274,URU
25,25,26,60,47,67,25,24,25,50,39,87,26,24,25,81,67,63,25,23,26,51,59,71,0.04137182584249668,0.050840605257343956,0.32856111381142095,0.026015461946879145,0.05067450808764942,-0.005476409366799472,0.6655457046132802,0.7168266085375831,-0.1744802305081009,-0.32195404730411686,-0.1480700078007968,0.02811919766507304,208.11407238937585,220.52492703851263,160.90431563176628,-0.0021299842841965523,0.03401813049800796,-0.02566435031075696,-0.24343627190305447,-1.6553659320225764,0.6260327289641434,0.38527639920318724,-0.1383630853647809,0.5528490443559098,214.44460589929616,96.64056586844622,180.56308870572377,0.04137182584249668,0.050840605257343956,0.32856111381142095,1.6692534037074662,2.7807872346032005,0.92836900471835,3.8637553479437203,4.560580472636181,4.187477084315003,0.1252595589223218,0.31956460369763656,0.08194789134446882,137.36782581499787,58.94416545358816,151.98089514602196,1.2865598023382971,2.5973411389353913,1.2963268551550748,3.349641155471953,3.1367600298633076,5.195981327445706,0.09882521603525132,0.297843899517812,0.1494602806391097,138.6092887118628,108.00202210415534,149.72976299168755,QUI
31,22,37,74,55,79,31,16,28,51,48,97,32,30,32,96,83,55,32,23,32,62,54,96,0.29200496182033103,0.05824732757352247,0.739335731678487,0.029940036220921982,-0.003993796328959815,-0.011985906121749412,0.4782920076122932,0.9932205434751774,0.48583331918723405,-0.1426012064821513,-0.2505320268299054,0.4904628264775414,179.2448411095272,251.45668657210402,275.3793079394681,0.0052817346572103996,-0.015960557942907804,-0.026543415112293148,0.1922001364030733,-1.7675978248345154,0.5317660713014185,0.6339805343971632,-0.23428546492328606,0.999664604964539,186.87451748379434,63.304061020094565,80.46129706217494,0.29200496182033103,0.05824732757352247,0.739335731678487,1.3876296101286913,2.6016715711199954,0.8144359755329816,4.811662287795348,3.9001883731725537,3.315941765688774,0.08610452980996341,0.27153121577581735,0.08231035109568535,143.1372007532428,27.58199970271861,134.23164259515917,1.1759803600113385,2.658188545177927,1.2753165589023259,2.703287744783573,2.942326425681892,6.353544217802288,0.09836775288955596,0.27550084916536444,0.0938302427300424,142.69573843961066,55.273940871301285,114.93814543178662,QUI
21,26,27,69,57,78,21,14,23,56,65,48,27,24,22,75,76,82,22,20,21,56,65,55,0.0252484779965287,0.05329463407156208,-0.08275219753511348,0.005591146604806408,-0.11030851419225639,-0.02394124489853136,0.9361444615620828,1.0837614275006677,-0.3974471698192256,-0.39141824943925235,-0.16918181844859814,-0.4334510726301735,236.867084694259,235.35540542977301,131.1066203495327,0.014907323530040055,-0.10279634261548733,-0.015296083724966608,-0.23591379822429903,-0.49963604281308416,1.4067377908658878,0.3318508406141522,-0.15211945754873163,0.2944481360467289,211.83457518805074,300.16138809559277,218.27937505586118,0.0252484779965287,0.05329463407156208,-0.08275219753511348,1.649589226779885,2.9064543344014018,0.8927989344352443,4.354597313425247,4.488394518276361,1.8981907202798136,0.1391672773152207,0.411593450111998,0.11081537688533186,131.71991863210067,110.09928421743516,127.81709742714153,1.0692064565619823,3.004470525337576,1.7946846827330456,5.743938295397794,3.652919631969665,2.836208367316833,0.11131588064352045,0.4143923640948725,0.13761315154866072,139.89026498138048,90.64984749650651,141.20980125339102,URU
22,27,45,78,72,72,20,16,24,59,58,47,43,25,23,91,80,85,24,21,21,52,68,55,0.14690490302294198,0.25487382860998653,-2.4679147219973006,0.027872264839406198,0.08403193185627528,-0.025557792461538463,0.9470976987989204,1.3308957595951418,0.055392519723346884,-0.2530378955331984,0.08575621843148448,-2.731033110661268,238.8099353371795,249.60262680781244,157.3573903724696,0.00709227027179487,0.09855056871740893,-0.028337298124156543,0.5385167073819164,-0.6735393026680162,1.3530415824709852,0.38086386261808364,0.05183095761376518,-2.1433523144399462,188.48741355465586,299.5478524098246,143.20964527611338,0.14690490302294198,0.25487382860998653,-2.4679147219973006,1.74012229782459,2.982763704938533,0.6085605151447107,3.9098507694638136,4.0363338532207536,3.3846696832663055,0.1383796802288383,0.4303757389667693,0.09221660165424665,135.86823937835035,120.818391591158,133.32427200807885,0.8032246587081912,3.124765167552587,1.9405131641439513,5.681514238175365,2.3841238542877576,2.879198973226094,0.1048721367796059,0.44176496440322766,0.1427745176346716,139.46215773751743,92.10456821615765,143.09809697521356,URU
22,23,24,73,58,76,23,20,24,51,59,58,21,22,21,76,80,81,23,21,22,50,65,55,0.1436995548787062,0.05930929805067386,-0.1811478886927224,0.03956392600539084,-0.04095535882749329,-0.004145682274932618,0.7394106154258759,1.364362120072776,0.256369380990566,-0.253469397297035,-0.15866702102291105,-0.5884566009433961,235.75680929407008,224.14881193126683,118.4355821574124,-0.009678445766846363,-0.03224342911185987,-0.04880254388517521,0.2691592459568733,-0.9165963263018868,2.178032549959569,0.4714625144204852,-0.16453130079514824,0.17921256157102425,189.90248350508085,260.2865496825337,222.17375473279247,0.1436995548787062,0.05930929805067386,-0.1811478886927224,1.7645457790935415,3.047833162254474,1.0699331628511912,4.630177780058841,4.038862941018149,2.587734882741914,0.13472336651717134,0.41653206618181676,0.10076834054460673,130.65420682337958,99.90767996177802,118.63153480637496,1.2295313505049001,3.1440967806796247,2.0098823033251905,5.8198767412413295,2.755449595626752,2.92577327085474,0.11035496716840601,0.4269703089752707,0.15168493519165482,141.52032779029636,134.35973053903044,143.5771168621682,URU
21,22,54,75,67,90,22,22,36,48,46,77,23,22,45,84,67,92,22,21,26,56,61,79,-0.47880577615283265,0.05742884570632411,0.674708439262187,0.020156344914360996,-0.04279692947035577,0.01743127951818182,0.974089699090909,0.6808791214361001,0.2052248677483531,-0.9538686471673256,-0.08030006918181819,0.6218853760210804,230.6830054221344,223.77364778787882,165.10052818274045,-0.025678781750988134,-0.028685216790513845,0.0017759818704874816,0.7432877735836626,-0.9629437303689065,-0.2602433070342556,-0.026674609421475627,-0.09212257624584981,0.7121753911725955,215.05965883570485,119.71224283267458,186.04011980343475,-0.47880577615283265,0.05742884570632411,0.674708439262187,2.0461381899047653,3.223182325022823,0.48323069767802596,4.597071646376749,4.78649577897472,2.4224758523485286,0.17413282610015532,0.4182504548032287,0.07158433127105872,129.7976049283453,58.297052674306606,139.5874508034535,2.061485928639226,3.242779945002577,0.6462853740816222,5.184402383705826,4.251017803007566,2.7505139553930142,0.17286278838443603,0.42087047864219257,0.08854858082548861,134.77199078186695,48.02043475015716,143.7573051200607,CAR
23,24,48,76,62,83,24,24,30,53,54,71,23,25,62,75,64,90,24,24,43,56,55,66,-0.45353714447334204,0.10968244535318596,-0.3598909100130039,0.00970553623146944,-0.1543513511573472,-0.010192023336801045,1.1214735046762028,0.2727828701950584,0.6117777969895969,-0.9090999933680104,-0.056523348015604685,-0.33795459895968794,241.27052586436932,215.918372739922,201.90911921263978,-0.02409586409102731,-0.1313275160663199,-0.03684292690416125,0.6715825167425228,-0.8644073273550065,-0.538702986413264,0.00481441156618986,-0.054871970674902466,-0.36901007139141745,225.66308427022102,129.0193491417425,193.5475836551886,-0.45353714447334204,0.10968244535318596,-0.3598909100130039,1.8298826356648195,3.03437648586114,0.5408476650965186,4.655817241631725,5.298516357803491,2.8296984226184865,0.14398283227363623,0.3834468775494112,0.11628751775782284,128.31974167258258,65.55212776056786,134.61270182401196,1.9873598280816307,3.0598932954076417,0.4369864036965882,5.195166171107499,4.379610372056387,2.8733899388742756,0.1565744155579845,0.3881057719941688,0.10677872893013109,134.9215248798532,45.80024645376904,141.71201512678098,CAR
22,22,53,66,64,89,22,21,32,52,47,76,22,22,41,76,64,92,22,21,31,49,55,66,-0.5101211951885566,0.055706595196241875,0.495231867230169,0.009206453423927176,-0.049066426239271814,-0.0049880659390117085,0.879715203383615,0.7157553051144342,0.5823277670027308,-0.9933406399219764,-0.11844310533172951,0.4569546377113134,227.69022345620286,221.8720469609883,183.57391022444992,-0.02491911017945384,-0.03583015160078023,-0.022624784490247078,0.7014221276605981,-1.0502990087386217,-0.313957443006502,-0.04831140928413525,-0.11925877049934981,0.5321438581274383,212.85030712223667,123.23767946684006,165.26527362133032,-0.5101211951885566,0.055706595196241875,0.495231867230169,1.9684033599418078,3.0943174616888087,0.510078281650792,4.840451616196759,4.727377552262194,2.65339263256729,0.16304215220998416,0.4141542791153027,0.0846189124504964,132.1341172272656,57.5173388970098,138.94331163281603,2.067661640137689,3.1354660053874985,0.5871226101607705,5.088627096805664,4.517766527957405,2.5112164889676363,0.17195853881310869,0.4119027288101118,0.08041577221866415,134.2466892947809,52.22070470216443,141.55521287249084,CAR
22,23,30,66,68,84,22,13,23,56,58,43,55,25,22,70,79,78,32,19,21,52,55,58,0.04715706344892473,0.2480540565860215,-2.3621667110215054,0.026796623624999998,0.01262763972849465,0.02383284827567204,1.231647950883871,1.6808099945295698,-0.2100623848724463,-0.3117570124301075,0.07268299455107527,-2.7150965040322577,232.968832636707,247.06935180927417,148.97867212446238,-0.00011471993463844219,0.021687029098118267,-0.039942870940860235,-0.4338831197177419,-0.17538232381182797,1.7943057087634406,0.22431919192204303,0.06769901386962367,-2.0001974341397846,208.02169945846776,306.8717932795699,199.55039186787636,0.04715706344892473,0.2480540565860215,-2.3621667110215054,1.683708961684251,2.954486593848351,0.8762659739455926,4.585607131001787,4.150305068360647,2.604877581642812,0.14004325896165024,0.4143627096193035,0.1131384509812352,138.42549201265535,116.66722722774134,129.28086605119483,0.5028993981630134,3.040172562565191,2.0408497649620836,5.853727637649777,3.2763044551422187,3.2927718316026473,0.04393278437957318,0.4146836503695055,0.14854161116197687,139.55195296460863,39.75747006608098,140.32194279415268,URU
31,19,33,67,57,78,30,18,30,54,43,76,30,29,31,92,81,77,30,24,30,60,64,92,0.4309096215365239,0.052719696466171286,0.9143454079345088,0.02835574124937029,-0.025987853981108318,0.017238793685138535,0.37092926502644835,0.6300073148904283,0.5715285617002519,0.054227271360201515,-0.2186042377959698,0.5534810220403023,205.26561920080604,220.57391513853904,279.01115472959697,0.006166308536523925,-0.043044718507556694,-0.01569223551133501,0.2523987685768262,-1.4994988808765741,0.5767784340428211,0.7424338619647355,-0.18092015726649874,1.2189787808564232,213.0775025429471,75.65676553513855,95.82039901913099,0.4309096215365239,0.052719696466171286,0.9143454079345088,1.4468083927085718,2.8423011213343394,1.1016907221428744,3.445495372037056,4.599396917770475,4.914718348308414,0.10848843058099246,0.30058257559883095,0.09893147853820346,139.96933423112986,39.15671149124671,106.87334771692704,1.0908267193914543,2.8338841415669758,1.5763578054196947,4.507901925919117,2.485983020241285,5.615459878001831,0.0885092374287139,0.2956787618518648,0.11884472230462473,138.86718771789248,100.50594727811384,125.47348612983345,QUI
30,27,33,78,65,72,30,18,32,61,53,80,33,30,31,92,78,74,31,28,30,61,71,72,0.3690528614634146,0.06491558617417073,0.6936551309756097,0.005441780886585361,0.00212227025487805,0.03582541968902439,0.6490763473658536,0.5671604953439024,0.4504016620414634,-0.028341120741341465,-0.1863840281012195,0.3785945931829269,205.23765620778047,217.86268852439022,260.7880951513415,-1.4189898780482242e-05,-0.013767423277073155,0.044929789864634154,0.5971862377317074,-1.8447850720134147,0.7762768484695123,0.6980293339024392,-0.1492121783890244,0.9706703243902439,219.22141154548783,85.31946102439024,84.69672661865853,0.3690528614634146,0.06491558617417073,0.6936551309756097,1.7608466068301745,3.0374497990176,1.0385024171766126,3.78246269349624,4.988082552516148,5.412523293926362,0.12034495459503615,0.3301776471555978,0.13284483434647745,137.117968171225,45.17215715556279,120.65277513949695,1.3735612143801268,2.9930861073806043,1.6518625494948054,2.843868199583529,3.3693513497724306,6.711870244878626,0.08957765219981767,0.32141089826822455,0.19595311548673147,136.054475380253,94.26989659442042,104.17627943535315,QUI
26,27,56,60,42,76,26,26,21,52,66,65,26,28,26,78,54,44,26,24,26,53,63,55,0.11435998485905512,0.05196564603557743,0.22418869947506564,0.01333359842782153,-0.0031637914330708743,-0.00960234487926509,1.073913561496063,0.9794572273517059,-0.006517916295275577,-0.2530840261525853,-0.14211122301049867,0.11885582550984251,222.83100292034123,232.60874088057741,276.1041038849081,-0.010105362733595805,-0.0001831547401574801,0.0033740464055118085,0.1154538571026247,-1.5227847149988056,0.8948249144501313,0.45163595328083994,-0.14816203591246718,0.368189071128609,213.46027720787401,92.46671220393699,97.69399849606299,0.11435998485905512,0.05196564603557743,0.22418869947506564,1.9068344629113296,2.840752297500458,0.47853387112202417,5.081576234745263,5.549005765696559,2.6642920199373297,0.13405998307287767,0.32013784363127495,0.0818145371714585,131.71392598947813,89.89988338658605,91.49484462298489,1.522297535188349,2.697371882095544,1.212141792856483,2.258146620151814,3.913580052862964,6.497390228147934,0.10947318532577645,0.3057052008783482,0.10709657653648319,136.1217107005153,97.5688660133783,107.8645762174377,QUI
21,23,22,69,61,72,22,20,23,47,64,59,24,22,22,78,85,85,23,22,22,52,61,61,0.09621395073684211,0.060572203528934214,-0.18428793210526315,0.004505469988157884,0.024477608166842104,0.009578054288157887,0.6656098004078947,1.1972480913368422,0.47114559620131585,-0.2762917518631579,-0.12024521207377631,-0.5938221967105263,240.51230522259206,219.8656176315789,122.21625363789472,0.008392007167105267,0.03904599234342106,-0.020868769198684228,0.39791269403947366,-0.6743142963815789,1.8770360682328948,0.3930012268421052,-0.12724420547894735,0.1845677983839342,200.52155149263157,287.75246556860526,211.16526282342107,0.09621395073684211,0.060572203528934214,-0.18428793210526315,1.7359292860443756,2.9996944056236052,1.1511739757700898,4.296533630316229,4.090064166887578,2.7707863439219276,0.13024123200540777,0.4217434078839118,0.11766075019841184,127.12891118397864,104.00761973130244,121.34266194492157,1.0975429887759842,3.12742516270522,2.10915249573676,6.023322545517096,2.944176058849082,2.5937275884212236,0.10168261786157129,0.4333997586967458,0.15584098647321837,138.86301160158146,109.39189593655227,144.65289924791168,URU
22,22,29,57,68,78,22,15,22,56,53,44,46,24,21,70,79,81,29,16,21,54,47,60,0.05089965904562162,0.25079510986486486,-2.4583215027027028,0.051789265272972985,-0.0008741553621622085,0.014280393783918925,1.2022408413783785,1.608561901354054,0.21929524718918916,-0.3027881444121622,0.08290425110351352,-2.8075855554054057,231.86848593986485,256.82482377932433,154.15655894743242,-0.009645429108108108,0.005197599824324347,-0.07763944687837837,0.0648230728554055,-0.3510148878608108,1.5698315747918918,0.2558670216216216,0.05474171495567567,-2.0924777662162164,198.46892840756757,316.80621716216217,177.48616228417433,0.05089965904562162,0.25079510986486486,-2.4583215027027028,1.6706803480772714,2.9810737708131154,0.8097812172085913,4.560517406449183,3.809265172996156,2.4646810371132535,0.12979390980666516,0.41346216725493096,0.06487308851907463,140.68224519698722,113.89690739966267,132.95629722566306,0.5612881898341576,3.11372442879837,2.072953329892118,6.20084377996025,2.7145523279687254,2.550473199728331,0.06241538840286379,0.42129172980330215,0.14964358235817724,140.78767410940603,35.1174603609622,146.4096008482844,URU
29,22,33,60,52,76,29,19,30,58,58,91,29,27,29,80,71,54,29,22,29,56,75,76,0.20910458167108753,0.06329161255119364,0.6636807872679045,0.058913183684350126,0.06132547016737402,-0.015410021242572949,0.5597412231564987,1.1074817933527852,0.12414334226790451,-0.21060493715583553,-0.21172943816710876,0.3779639580901856,198.62010522042442,221.59656675066313,269.81728072151196,-0.016457423477453586,0.05880321221883289,-0.05133196253183024,-0.15383947961007952,-2.2681783372572943,-0.06779763461538463,0.5523295331564987,-0.20063455120424406,0.924735101591512,195.13766366074267,77.29924960875331,95.56495802885942,0.20910458167108753,0.06329161255119364,0.6636807872679045,1.8820609706724065,3.1210083852516215,0.8874392839545097,4.675614792442066,5.070348817348254,5.039161894363556,0.11023233633245956,0.31600626795034276,0.06589228582856556,137.7245087933186,47.608011485520954,111.9055773869329,1.4413277355504661,3.1315063407810446,1.661029361746205,2.552664404317374,4.3759994038835845,7.024104977518096,0.08718452432035578,0.3167394767775265,0.09592934924635242,140.12814479143006,47.74279858383015,105.57537121792794,QUI
22,25,49,67,60,84,22,23,35,54,56,78,22,23,43,77,64,86,22,22,26,45,59,73,-0.579065352,0.06141059834541935,0.437154781032258,0.040246242118709655,-0.042384390333200024,0.016275213246451613,0.8908011567096774,0.4993247698941936,0.7904397236387097,-1.0662225889032257,-0.12158603855870968,0.37687859896774184,225.00592435229677,218.37133018064515,205.66965564375485,-0.04239681460903226,-0.018219254519999988,-0.004727672342193547,0.5798540892774193,-1.2507703921935485,-0.004878596129032259,-0.1255710307864516,-0.13538733211909676,0.5081082452903226,207.87941253148387,112.97130908774193,125.36639437376775,-0.579065352,0.06141059834541935,0.437154781032258,2.0463740771464067,3.0940383721686953,0.4791749419371442,4.6422952244207005,5.0243999404138755,2.707764570355583,0.1650570093541103,0.41537118974682735,0.10157867440125397,133.7175199487035,60.202683473732314,136.06798909013548,2.1104427435178486,3.1469466744014736,0.7039280504224292,4.624813636912261,4.633022391444702,3.3831213368809996,0.16506519251331275,0.4198799546484941,0.09681820949658208,133.16296217641838,60.58739730889722,135.05290218693472,CAR
27,22,34,68,59,75,28,21,28,54,46,75,28,24,28,82,67,48,28,26,28,55,52,70,0.15615905144356956,0.05833489928312336,0.6026939140419948,0.038084801448818886,-0.006846247409448808,-0.006381797666666662,0.5970727874566929,0.972277135551181,-0.006117892099737526,-0.23607355713385828,-0.19700048443556428,0.29844488085301835,197.4653441901575,219.9979827296588,258.0022424654068,-0.0032047283622047193,-0.015168001719160091,-0.03322432848818898,0.04521491831246719,-2.14533361928084,0.3346311168595801,0.5095737459317585,-0.18835823194514434,0.8534952863517059,195.55660086115486,73.72376155643045,78.08673289593176,0.15615905144356956,0.05833489928312336,0.6026939140419948,1.805826826208355,3.0526194151399055,0.9417537146023321,4.249631323708291,4.54006326804799,5.1939609380392096,0.10657428900275308,0.3277924135822182,0.08846692195964118,139.52087235092742,38.14715471176606,125.60222696645704,1.5296622512921507,3.117027514207528,1.669853172567237,2.1786422801513012,3.584530123395564,7.01922417371527,0.08963066815546435,0.33198955221789594,0.12229924627155038,138.7991263006296,69.53620017737863,97.60964331861032,QUI
23,26,39,77,71,79,23,13,24,55,66,52,28,25,25,87,88,90,24,18,23,58,63,53,-0.029434200977923073,0.242805533767927,-2.2144536245110817,0.013181196380704032,0.06900179285919165,-0.012527552395176016,0.9533178093404173,1.3835038586962192,-0.9001778818735332,-0.49678792112125164,0.03761431530638853,-2.2984386518904825,228.0629760740156,240.8380888411995,144.01469096088655,-0.006647974460234676,0.07305648127770534,-0.06902341642242503,0.5288597635071708,-1.117617115254107,1.0437190521368969,0.35786051392438073,0.034070198993611474,-2.0244940586701436,210.06365047770535,224.3837539850065,209.5057649309648,-0.029434200977923073,0.242805533767927,-2.2144536245110817,1.6569781681259979,2.953661741422843,0.6133821993187563,3.0826894414533887,3.9589568960206503,4.302347138291735,0.13256958066045663,0.40147938321490906,0.13121463127070318,139.4387698937976,139.54862475611893,131.5374570047938,1.2358701056167072,3.0661400450804,1.42643596296501,5.361148848402674,3.169572237532751,3.668463538551248,0.11529698921135771,0.4080577148492948,0.14101735043136335,139.97855210655618,145.16982799009807,140.33355731043417,URU
22,24,41,71,64,87,21,17,25,48,52,54,25,24,24,82,85,99,21,21,21,51,49,54,0.0015223538864879334,0.06102607743190349,-0.23832646930294907,0.014359439856568365,0.06774769767029494,-0.013568391971849867,0.8348211553200938,1.2502192654423592,0.273544225522252,-0.3771878539410187,-0.1384931092549598,-0.5455504668900804,241.44490234262736,225.0506077482574,143.70297059517426,0.020709875961126004,0.0852045931099196,-0.01062038100536194,0.5956168704852547,-0.6029816179115282,2.071140619490617,0.2990432278820376,-0.1421219781610724,0.06882960901815012,192.04201759209113,308.2387442349866,209.101752485635,0.0015223538864879334,0.06102607743190349,-0.23832646930294907,1.7846178370048453,2.920427578948006,0.6620824185473934,4.735128666917259,4.135718190262811,2.1185488216658483,0.13437127932660176,0.41887877044376526,0.07478196553460453,128.83345931468835,113.75267587882313,125.11552147093005,1.0894962752689399,3.0266549126659976,1.964756226314361,5.922560291011239,2.6342232768787532,2.468437632226359,0.09837557753729491,0.4277692320489047,0.16237939727592565,142.7846287357526,69.16209716292403,138.85353057593824,URU
27,22,29,73,49,79,28,18,29,56,46,93,27,22,28,96,78,57,27,17,27,52,60,89,-0.02204979247716749,0.06223050804322661,0.37394317931034476,0.025230320147783248,-0.10334998813929805,0.050357063709359606,0.4854274729679803,0.4545076360714286,0.30803927624790645,-0.4303563647783251,-0.180989071876601,0.023607120317241385,187.9539410229064,220.93512590431033,163.01174089908866,-0.035606857972906414,-0.09802954089901479,0.010904879380541866,-0.46073178150492605,-2.047911408551158,0.7733933968842365,0.36724042266009854,-0.17821297950246306,0.6187480633004927,181.93989170110837,76.46481952731527,178.56134555789654,-0.02204979247716749,0.06223050804322661,0.37394317931034476,1.6725578535695147,2.993036255335729,1.0734525860188873,3.5546123883971448,4.247610100375244,5.627032969419554,0.12574341387962562,0.34862330172965644,0.0979833578846306,136.6257767897657,45.708619983909834,154.9873605282623,1.4436232490585574,2.8549734091442165,1.3173014980602185,2.582251972442367,3.2474244361315487,6.214577545594678,0.11013601238823312,0.3308521855160004,0.1180006903388948,138.39069344269123,91.6557994071642,154.27279359573083,QUI
27,23,41,56,54,69,28,18,28,56,37,74,28,27,30,80,61,42,28,24,28,56,55,68,0.15424521016,0.05625923000145334,0.5979042553333332,0.007132019905333323,0.0006917470466666676,-0.0052373419986666715,0.7792932091333333,0.6940140129466666,0.23303405970666669,-0.25191425300799997,-0.21619101768221333,0.35311696106666657,207.74691402733333,224.6592771066667,250.40855802102666,-0.024981691983999993,-0.007828539976266683,-0.024079404569333326,-0.026607986970266628,-1.6390905757426668,0.31347876859333335,0.5035271327999999,-0.22254728587413333,0.8286018368,195.41115110485333,72.92459725866667,68.6641751212,0.15424521016,0.05625923000145334,0.5979042553333332,1.5845191264584284,2.648626086539532,0.6925216381452766,4.746343082855356,5.0628669215827635,3.5974575587091304,0.09947518497008835,0.2820782108191146,0.09440698222213463,139.82486663945636,47.7129370188061,129.86691027769882,1.3160542987948225,2.733643318866909,1.314623408269116,2.828515558858863,3.238891400253383,6.6582140069552045,0.09190590720717072,0.28765643906116894,0.090170192288632,140.26157261287744,76.16035016173196,93.3075058674062,QUI
21,26,36,79,72,80,21,21,22,52,57,49,26,26,25,88,79,88,21,21,21,58,74,56,0.11092406749670619,0.24746994861660074,-2.623711627140975,-0.010378685598155465,0.05233927123320158,0.00618808654150198,1.512386539104084,0.7879173860474309,-1.7137661071541501,-0.3615180916732543,0.07926831826745719,-2.640802434782609,266.276845927141,204.59406407288537,161.96137989894598,0.011824095294993418,0.062026409725955196,-0.006507939114624507,1.469244101949934,-1.0148767631884057,1.699045434246377,0.509878090909091,0.07550390908959156,-2.5022269802371544,224.74254497210012,206.78106082980764,191.9163242342556,0.11092406749670619,0.24746994861660074,-2.623711627140975,1.843362604379232,2.93328110800672,0.6696012793129739,3.1984771564440595,3.946076296150864,4.457396266158293,0.14227927828474055,0.4224786010376376,0.0941638642588493,119.04176123029222,143.1340960570541,127.11421807302351,1.6426593383231103,2.968872851046756,1.1758088932040431,4.587381809332781,3.104847756026502,4.442681785111652,0.13106926123188936,0.41897284688016084,0.10167223900775733,139.90473804158535,149.5116384353779,134.025200708514,URU
21,22,47,62,69,77,22,22,38,54,46,63,22,22,43,80,63,76,22,23,28,53,54,65,-0.5578872910290238,0.06158066549775725,0.5633175531662269,0.028480159411068583,-0.038940522683377304,0.008733391007124012,0.9208653578759894,0.2648673719920845,0.616573831676781,-1.0332089172823218,-0.11423338857124012,0.527855537994723,232.51477746770448,212.8030612401055,192.04328046253298,-0.044765318072559374,-0.020315358951978876,-0.016787573703166227,0.5708928299736148,-0.9923154091688654,-0.18193357683852243,-0.12197342809634563,-0.11966947339313982,0.6348981131926121,220.99115965343006,117.98106933905014,160.50896589459103,-0.5578872910290238,0.06158066549775725,0.5633175531662269,1.996063846569332,3.065397307212827,0.494594984718976,4.967769420514943,5.178427132545963,3.011018376768307,0.15789708578799702,0.40253193139456106,0.07173913917778217,131.43552699662462,64.7194956251883,131.98858586811622,1.9960014705242026,3.101843168506314,0.6167721742776464,4.837556470239792,4.727506309635887,3.3399018697802854,0.1511462918647109,0.40628489342988305,0.06201311692606745,132.64499563255185,56.61924328423323,139.49666704915356,CAR
21,22,47,64,65,83,21,21,32,50,52,74,22,22,32,78,63,86,22,21,26,49,51,66,-0.5947740817218543,0.0676430069015894,0.3576200705960265,-0.0005633319576158797,-0.04565581750251654,-0.008181856914172184,1.0074226032715232,0.6398048205827815,0.6797061017708609,-1.0919200185430462,-0.10796469123178808,0.3200635136423841,224.76440114986755,226.8836972013245,208.83656752731125,-0.004506134296688758,-0.033540899925298,-0.004239869569006624,0.694728996013245,-0.883462259789404,-0.37677331839403977,-0.13640830522119204,-0.13368328780264901,0.41819015509933777,215.08452925664903,121.60145393377483,145.75282509046357,-0.5947740817218543,0.0676430069015894,0.3576200705960265,2.006149038731694,3.18999829169164,0.49224597039118356,4.88381848653889,4.7695118772122544,2.3547723632711164,0.15763476297828152,0.42065966222008316,0.07196739793329765,131.17020418103937,65.55532840595293,137.65499923146072,2.1425216541462535,3.265437723619102,0.6904370109956482,4.90951134483414,4.836929331977303,2.8080369288501736,0.16470005859528186,0.4303235649037657,0.06723805862519122,133.7306405366544,51.01765121767961,136.37680969952982,CAR
23,23,60,71,60,99,23,22,36,56,59,90,24,24,45,82,71,96,23,22,31,53,64,79,-0.4388316667519182,0.05374736079884911,1.2249395601023019,0.03390307742506393,-0.13214926045025577,-0.019973178521611252,1.0229431749616367,0.6232938852046036,0.35008092452813294,-0.9052559327365728,-0.1174733190420716,1.115548066624041,227.02774677493608,218.45606625831203,136.23590004381077,-0.03206778405370844,-0.11901213230051151,-0.027070537937851663,1.262428707533248,-0.8482239827851662,-0.06245264121994888,0.005649712299053708,-0.09840953204693094,1.279620084398977,216.82469258216113,115.40371194373402,218.03589902098722,-0.4388316667519182,0.05374736079884911,1.2249395601023019,2.009139171945476,3.142796334301159,0.3994191940145895,4.748956477100157,5.042456228162537,2.5026524775889483,0.17518980256423144,0.4087177218143359,0.10018598022235373,130.68552544725028,68.10593471241242,132.61016701848402,2.0652280501995883,3.1474146779887673,0.6976074282750315,4.628693437465875,4.645097147107708,3.0954027960735786,0.17602674048150055,0.3973155615396814,0.08309861521440129,133.85045148971489,53.87972298307629,139.16091393470745,CAR
31,27,35,63,64,64,32,18,30,56,44,82,27,28,27,74,80,58,27,23,27,55,60,85,0.031085976606194925,0.06119808609252337,0.5454685480640855,0.07520737743257677,-0.00840500602937249,0.05085674592963951,0.604987447835781,0.7122758108104138,0.09080346494659547,-0.33179876606141523,-0.25076271160040053,0.18530963465140188,202.24518818987985,214.61587667556742,221.26276181228303,-0.022203533292389842,0.046497160910547376,-0.0426167936728972,0.06425688837249668,-1.5945626365192256,0.1470885289319092,0.3232581420560748,-0.20362589789586114,0.8209225084112148,198.54910101615488,69.97442036915888,123.69006761002672,0.031085976606194925,0.06119808609252337,0.5454685480640855,1.3765703239472908,2.655932038064741,0.9318818577449445,3.5639280995925136,4.350458641231498,5.296019647026085,0.09624190299160604,0.3192773792447142,0.10380557036176026,138.97373227698145,46.53241025467683,148.1275601108772,1.0797740003655687,2.8204256692336216,1.5661996157196514,4.640365156442782,2.3732057247345635,5.8322192688169965,0.08584412358215934,0.3002816445605638,0.11130630466045494,139.12258606905053,90.61038329235043,140.89385434228325,QUI
21,21,42,72,57,79,22,11,29,54,59,46,30,24,22,77,86,86,22,20,21,52,54,55,-0.02791475904681319,0.2436621304945055,-2.2689229024725277,0.0007604083749999931,0.047870719685439544,0.014859702567307693,0.8005651392445055,1.6306144664697804,-0.563677567543956,-0.464242128021978,0.052145936005494505,-2.5268789945054944,225.85622585975273,255.18637205554947,146.75564135467033,0.012322722754120885,0.05030229334752751,-0.01656809184065934,0.38141334710164837,-0.6329431058928572,1.4283341563461536,0.26299175078296705,0.04214552476263737,-1.955566603021978,209.4908438688187,304.3899328921703,200.36671641285713,-0.02791475904681319,0.2436621304945055,-2.2689229024725277,1.7539713368162286,2.9498341474918806,0.5064928840584294,3.6207947044576616,3.8824959772636904,3.777123994952344,0.13867838454253165,0.4098443899724449,0.12002602325810599,140.43388302733672,121.66813811807748,132.2000639215352,0.9049681790558434,3.0362102905174755,1.8462275852388985,6.046724659282672,3.056934073824478,2.718718779636036,0.08471867007317187,0.41134087687619114,0.1357554674076841,139.27802198793546,80.74744838348597,142.83538000545195,URU
27,15,28,63,54,61,27,17,27,49,44,71,29,18,28,84,78,50,28,15,28,51,57,84,0.151554729986911,0.04786545248810209,0.6531735393979057,0.021533474408376958,0.0027025957552355845,0.0030992580183246037,0.40001106278795806,0.6797514700130892,0.19451247269633512,-0.22365196200261783,-0.22761188619044503,0.269833626513089,183.47805022017016,217.39300431937176,266.5118361048429,-0.009358318151832462,-0.00626260958900522,-0.02534727304057593,-0.37878513402356023,-1.3408308328403142,-0.0863106990968586,0.46287302068062824,-0.21220164371282726,0.980388427486911,188.24469594319376,70.52222366230367,96.53866750157069,0.151554729986911,0.04786545248810209,0.6531735393979057,1.346038671129502,2.845233496901475,1.179624048400304,2.9888706895868538,3.7980905938980576,5.649640169390168,0.10022829409448104,0.3028624771048368,0.10568826544217082,142.22431391841943,24.653495138692733,127.93274127319975,1.145411524370432,2.9035624466374634,1.5638005045377674,3.4190395858207827,3.140492237442522,6.29015224123422,0.08066167511050022,0.3115318509657895,0.1106906112417562,140.58675502035783,81.43343716574945,120.31987438454745,QUI
23,24,34,68,65,82,22,12,24,59,57,44,44,24,23,73,78,86,27,19,22,53,55,54,0.03255624468673051,0.25203585718194255,-2.3311838399452802,0.02255086844459645,0.03646104864569086,-0.015977065597811216,1.1064968167441862,1.6825237055690834,-0.35248032832284537,-0.36608178290013677,0.07147479218673052,-2.6496854952120383,230.02073999192888,257.458854653078,151.70828544781122,0.002494471566388514,0.043265765714090305,-0.036303574088790695,0.1397030123584131,-0.9194832192216144,1.5408926699001368,0.24129471175102601,0.054033584376197,-1.9761754418604653,207.08023159411766,315.2629816689467,191.30015239364297,0.03255624468673051,0.25203585718194255,-2.3311838399452802,1.743364856711735,2.9765932393806467,0.7438124287998231,4.219472358631263,3.99769260218112,2.75549848054508,0.12675693642835864,0.413260048534811,0.08291133059088902,139.45754045504026,115.09842468255547,133.0370044659133,0.6022645662669226,3.0612171428932595,2.022719078687851,6.14338669072642,2.7870435958716273,2.767624881949561,0.07014979421195291,0.41589192251170476,0.14868632343360677,139.70722591741344,36.88673522073291,143.64380561234847,URU
29,16,31,73,54,64,30,14,28,43,41,76,31,18,29,84,73,57,29,18,29,51,44,83,0.18403389376903553,0.06087531532182741,0.6608256676395939,0.01840843660659898,0.07795346437817258,-0.010754632770647208,0.007387377286801998,0.7308389643730966,0.34494405088832486,-0.18783225140532994,-0.3054655154005076,0.3104710239847716,164.95239094200505,231.09276421319794,279.61785778823605,-0.0007347471359136974,0.06987505374619289,-0.04713994568134517,0.21333452956852797,-1.561291282993655,-0.05387296841751274,0.4669194326142132,-0.2797663782522843,1.0090906340101522,168.50336286449235,50.12780128705584,85.8699102132995,0.18403389376903553,0.06087531532182741,0.6608256676395939,1.1414832940537216,2.574464852921653,1.0640558998691072,3.4786767227306914,3.045449685192747,5.107546520838048,0.09659341640774236,0.27820805121577985,0.09834779583461124,142.7409369194549,17.805888349365702,130.20174992206992,1.008112882778222,2.7377719777809704,1.493244969044,3.921610148090506,2.9460300841265443,5.917710506045576,0.10159738574309778,0.2931135677102712,0.10841339242281763,140.9809086744959,51.198014886800564,120.82639014086143,QUI
29,18,33,67,56,70,28,16,26,49,42,85,29,21,31,66,66,60,28,17,25,53,53,90,0.05162498033654809,0.033346949192358366,0.4505744304347826,0.021559774660079044,-0.00604096047035574,-0.007755336388274042,0.48598503271409754,0.7397596753003953,-0.03195267241106723,-0.31709187843083003,-0.24785918022990777,0.32564398448757575,192.48249440345188,253.21948729907774,265.59315859235835,0.007390622845849802,-0.011616191778656132,-0.07667741930961791,0.3319642777351778,-1.2324496395349145,0.2969363426350461,0.3812973212121212,-0.27063836678102765,0.5345095496899869,183.64744155823453,80.51123033649539,84.38512232533598,0.05162498033654809,0.033346949192358366,0.4505744304347826,1.3625478335768193,2.724966896656415,1.0847361079005553,4.386215689997501,3.8996573973947375,4.678557741571868,0.1378755160655382,0.29043328669954765,0.21274426060762278,141.2859814947857,51.39485706572029,128.35910134437884,1.2797693317963394,2.7065010609932143,1.2039001450721143,4.1711582403542184,3.3335025779208736,5.287574263287948,0.11617213142056411,0.289606874271554,0.3537910579953057,141.156231659867,83.88314674851483,125.15107469802457,QUI
22,22,33,70,69,69,21,17,21,49,68,55,22,23,33,66,74,75,21,23,24,54,62,60,0.11954513358768407,0.24097436101740294,-2.4799019558232933,0.07212366318206158,0.03855469680856761,-0.033617969168674704,0.22573237709638552,1.7307479477282461,-1.424051328500669,-0.4103771439089692,0.013873463993574297,-2.444801499330656,207.3766176064257,263.64672117884874,102.3486308935743,-0.07229525997322624,0.04587814444444445,-0.02971223008099063,0.6180512641874163,-2.0961501559344042,0.4172880655421687,0.6609489026773762,0.006426336037483265,-2.446107184738956,197.74136378353413,98.55992610174027,204.7188851462115,0.11954513358768407,0.24097436101740294,-2.4799019558232933,1.7294082426003916,2.9971077422805297,0.6788179340593943,2.5374203062906315,4.102960935442041,3.866109155229956,0.13099024692392988,0.42303854063027874,0.10045962367002605,137.41837370018126,106.98689843321176,110.55386586698155,1.9820977264954684,3.11043405548202,0.7496187884310929,3.6702024175047065,3.5315529815815343,5.317993021761269,0.14980034345157697,0.43207775051485375,0.07316727356053511,138.41383648587535,109.50792051620334,144.27261141957356,URU
22,23,65,69,63,93,25,24,34,50,49,79,23,23,48,79,58,84,23,23,36,53,62,76,-0.5388392792207792,0.08106751335480519,1.324110557142857,0.015107735025844157,-0.11680821322597403,0.009049925275324673,1.1942082901818183,0.5234487252857143,0.28352020751688306,-1.0051823915584417,-0.06163901293506494,1.3035826376623376,238.9003059505195,216.66253265324676,172.02676440285714,0.008416717974025972,-0.08521993598441559,-0.003922041561038965,1.04469937399013,-1.007540708103896,-0.1454265834428571,-0.09953336309142856,-0.057669849861038965,1.3718297909090909,221.394111067113,121.80732002077922,199.8575272377922,-0.5388392792207792,0.08106751335480519,1.324110557142857,2.0793749724415833,3.1838761970427094,0.484973754485126,5.1816662943671545,5.35828509911999,2.3462787847703037,0.17293978038453395,0.3961853062660216,0.0760828027616971,124.76823158940371,74.88826115562601,135.0495055079503,2.0807021781097137,3.104132812475137,0.5944579328615611,5.162984105836377,4.694742412862378,2.533867130205861,0.1785874489550482,0.38469747771468316,0.11439487215130796,130.86058840043324,57.88259804900556,141.31635665897593,CAR
22,24,45,69,61,82,22,22,23,51,47,60,22,22,49,77,60,92,22,21,29,55,44,68,-0.5888068344155845,0.05660524039818181,0.4319103350649351,0.0030669714909090937,-0.037057934216883096,0.01801976416753247,0.8347174452246753,0.4018586938181818,0.4233864589111688,-1.0561389667532466,-0.10081833233506492,0.43679528493506503,235.81312423538964,220.41064207792206,209.04317926818183,-0.03687766022077923,-0.0288626271609091,0.004036270262337661,0.5712250960519479,-0.8744174977818183,-0.0003847901155843935,-0.14876259524636365,-0.1134845335090909,0.46422867883116886,218.88024524103895,127.37333145454546,169.01295685045454,-0.5888068344155845,0.05660524039818181,0.4319103350649351,1.952614354720097,3.099430543165313,0.5759528307861085,4.664139389992139,5.011040752934761,2.4937278915720316,0.1672162482253318,0.41026247252092596,0.15713214325071362,132.5097989623488,51.42313002094937,133.3236255492566,2.0394390123254573,3.0706786056274473,0.5693292965772437,4.8681824135559175,4.777776320081572,2.757538996225808,0.17081851347189608,0.3999401616180296,0.1624882400129616,134.52796956061218,54.36008707983834,140.6213287444849,CAR
21,23,43,75,60,87,22,22,34,56,45,56,22,22,44,85,63,89,22,22,24,52,59,78,-0.6140624389896373,0.05289276405676165,0.30904555880829016,0.0231265217746114,-0.03035722223963729,-0.01026171947966321,0.7127808845739636,0.2671606618400259,0.4431703564753886,-1.0816865848445596,-0.09730809213238341,0.2687815509715026,248.79394048147668,214.511209119171,184.09052989577722,-0.04880075868652849,-0.022361799629533656,-0.02024060453497409,0.894766098515544,-1.1381722041165803,-0.22074184493911916,-0.1700751739640285,-0.11249180048202072,0.37445814481865286,216.34621493204665,120.91433878238342,162.83505372054404,-0.6140624389896373,0.05289276405676165,0.30904555880829016,1.9530137556022888,3.0466323419943846,0.5214156907179934,4.678309722974912,4.831720674972504,2.8429746461127374,0.16313455961064705,0.4050896789009629,0.062810805363381,125.87813165245304,56.54520428289939,132.36252104636046,2.0461530834604744,3.1541012604430514,0.6856793874310657,4.595554474270358,4.547331397430357,3.258523735980125,0.1734117548351197,0.41442768937543095,0.05676481956789733,131.9947113287278,58.847829574231945,140.83670319899664,CAR
24,23,59,66,57,99,23,24,33,53,52,79,24,24,54,86,77,89,23,23,28,52,47,81,-0.4386482470512821,0.10273384192217949,0.0327491122925641,0.05359092914615384,-0.11823185021538464,-0.0475140705826923,0.9636418477897436,0.7592078691312308,0.8267537339833332,-0.9266582567948719,-0.09835917580047435,-0.031330215052435904,226.16540355282055,222.66906391282052,149.26640989910257,-0.00961339587179486,-0.08802669205256412,-0.050669815506410254,1.210001677,-0.5918236362410256,-0.16599879343717946,0.042147589656794875,-0.0186180063948718,0.1062899795072436,241.8290662698718,104.4923243974359,224.0887772648654,-0.4386482470512821,0.10273384192217949,0.0327491122925641,2.098610277313889,3.1730779656814834,0.5259196988015696,4.953241727625033,5.001596229351417,1.8711771077488983,0.15896109948188608,0.4156221008908979,0.14322502187155897,128.0380068152424,64.57058364234045,138.85047669098665,1.5565965823653751,2.8776962275148685,0.5454269148907275,3.9467256920687332,3.617861321536259,2.9483628274849796,0.13525733686240454,0.3672423091103043,0.14742400500735856,124.92605476246963,38.15509930952233,143.3876084293529,CAR
22,24,27,80,70,79,21,18,22,50,63,51,21,23,40,65,71,64,22,20,24,48,64,64,0.18790699676985195,0.2431675410497981,-2.4646261843876176,0.033881437321668914,-0.012242080041722789,-0.0234425846013459,0.43978801343001345,1.481190132476447,-1.5987512477927321,-0.32916533264580083,0.07588144565006731,-2.3812311520861376,225.066798684926,254.9313205462988,115.52540319407808,-0.03323322358815612,-0.00795902561641987,-0.02407316306033648,1.312082055359354,-1.6817352432516823,0.31257188635335126,0.7254527351278601,0.0451998860551817,-2.4793257537012114,203.78576110928668,100.27228688519516,219.35879758838493,0.18790699676985195,0.2431675410497981,-2.4646261843876176,1.7859710605287047,3.0418398284894663,0.8441053037188779,2.6608872804913806,4.118093089806055,3.8616853707378658,0.13767028897648875,0.4186333139592577,0.08834567375630387,133.47327407204986,119.28024323089922,119.39975959497156,2.1561047291509334,3.20339593632154,0.6110054343434417,3.602190305207854,3.5560876191643587,5.181212426170636,0.1580761943649423,0.4355606721790369,0.05991508164678691,137.64107028919867,110.15750035372346,140.9470454168056,URU
28,18,29,66,58,64,30,18,29,50,52,85,29,22,28,88,79,58,28,20,28,54,64,73,0.3174620484605087,0.04231312945742972,0.828752032128514,0.04041715488621151,-0.022439652190093716,0.011827478911780454,0.65047121124498,0.835024231665328,0.24951399705087013,-0.05540088995502007,-0.25446251457496655,0.47651997095046855,193.8486904005355,224.40885410977242,288.37896641914324,-0.021953368032034803,-0.036649220300535475,-0.0525135986720214,0.2259488226639893,-1.9226358413065596,0.39336950467469883,0.6322183694779117,-0.23008904563855417,1.1389137508701472,190.22212400562248,61.41493131219545,85.9019200157569,0.3174620484605087,0.04231312945742972,0.828752032128514,1.5369868091568177,2.88759512690002,1.0244720211427998,3.857710283636807,4.428677861190329,5.077910502549614,0.0905576444920687,0.3026001854034971,0.08879521095051592,139.2203259598856,40.796200209328575,100.8807836148289,1.1105670482654142,2.908566536395573,1.6230117836368754,4.034658198711852,2.8816242847551767,6.180375803751964,0.07607286312559282,0.300703313219738,0.10706313237227173,140.0301961875559,73.67276543622262,116.36630745807703,QUI
21,24,30,80,65,81,21,20,24,54,70,48,22,22,25,75,81,77,22,22,22,54,74,53,0.06533092688679244,0.25257508436657683,-2.3901387371967653,-0.0031702135929919167,-0.05446041664959565,-0.017016392025741237,1.0287886398086252,1.2004171598881401,-1.8031157105390836,-0.44200285094339625,0.02554843508557951,-2.3503025309973045,232.81588539716978,229.72928181289757,136.17688060053908,-0.034284992951482476,-0.038124367098382704,-0.019459889629649594,1.06339753961186,-1.7189437415633424,0.9583666226355795,0.5419076885444745,0.011791904648247977,-2.332452621293801,202.31386680328842,102.65850811365229,198.28507102479784,0.06533092688679244,0.25257508436657683,-2.3901387371967653,1.9597729957277485,3.0655263096188796,0.7778880494677489,3.390234582656283,4.166789388042112,4.231251105010665,0.15159956618282183,0.42304261750960265,0.06798921810343793,136.9964149752533,138.1562461632112,125.60055373484006,2.0063023248276393,3.1544062900452996,0.8975762319890764,3.0916313223583805,3.3413724577545345,5.673888950309404,0.15066154188002695,0.4269112189359915,0.07138962124667966,140.78002416545374,130.25993783999158,143.71977792466413,URU
20,22,27,75,64,71,20,18,23,48,57,45,20,22,20,78,82,77,21,20,22,48,72,50,0.147651239888424,0.250558470013947,-2.5442609358437935,0.024028758909344486,0.046797334863598335,-0.023662635496513255,1.3950814796596933,0.7671121252161784,-1.4748103721384938,-0.33282756278940023,0.06356318511603905,-2.513183582984658,247.45716765564856,214.70652518748534,148.8799160577406,-0.03389209922064157,0.05831312649790794,-0.03296768459832636,1.542398467735007,-1.200971948716876,1.013375720571827,0.5994637881450489,0.06043237087545327,-2.4525404351464433,215.28317245564853,132.68400207478382,187.99447717064155,0.147651239888424,0.250558470013947,-2.5442609358437935,1.8705930266236048,3.020192911295902,0.7895135487252477,3.5670308777349256,3.8198653807575993,4.100688069155459,0.14186042411815877,0.41975647012497197,0.07109269855765733,131.35408815335302,144.17471882340365,128.25443400089665,1.8968340506958448,3.033456462092869,0.9977907031951273,3.4266021281165018,2.9976117758001863,5.421713360628828,0.14158720403755476,0.41249034820439057,0.08656473392396666,141.69350644474142,148.1451387496007,140.29352112963284,URU
21,22,36,64,61,65,21,15,25,51,68,59,21,24,44,70,74,82,23,21,32,51,67,55,-0.001743336172459891,0.2425118299465241,-2.2716997834224597,0.03419642165374332,-0.0011046695324866168,-0.017644013727272725,0.22603791876737972,1.5205897322536097,-1.379580519933155,-0.5472324342245989,0.016468915454679146,-2.2366809745989302,210.7102131475535,269.38394250213906,94.70577402981284,-0.0897923406684492,-0.002396888030748632,-0.013803348606644388,0.08973047918181819,-1.8998430035962568,0.5884263289705882,0.5583619144385027,0.011691755191176472,-2.2486098275401067,205.7584381605615,98.68482849064172,229.06438466958556,-0.001743336172459891,0.2425118299465241,-2.2716997834224597,1.7151901209841565,3.0024950125154417,0.6149036791284387,2.5638703689181965,4.092959716663648,3.6820993544268035,0.1491204408126081,0.4166498814502325,0.08624622627462498,136.80076038828037,98.60572741873966,102.83346247224904,1.8177013196852898,3.0641344711915917,0.5557268995204938,3.7265890036747664,3.845455817261729,4.824514728053138,0.15384122609762818,0.41992645614224255,0.09447968970527063,138.28811654808487,110.60676012075237,139.21431319013976,URU
22,23,25,71,66,71,21,14,24,52,74,46,22,22,38,68,77,72,22,18,31,49,60,49,0.07056349309785523,0.24383630869973189,-2.459248375335121,0.05014407534852546,-0.04008229951206436,-0.03513792155495979,0.526205377183646,1.6662022208713136,-1.8831479368806971,-0.43295459008042897,0.07181365916621985,-2.3699772037533515,222.63312126045577,242.93856501313672,122.19852103175602,-0.040063388329758705,-0.034915638423592466,-0.02674860484423593,1.6256687843268096,-2.0160511878954424,0.5890514217560322,0.604851763538874,0.034351635489276146,-2.472532168900804,197.52383833619302,91.69953686058982,210.31152853069705,0.07056349309785523,0.24383630869973189,-2.459248375335121,1.6645685670621513,2.983144690816275,0.8787999839538576,2.6708111049495376,3.8056833012170563,3.8578712446742838,0.1268387825791274,0.40996940923407715,0.11310962823892443,135.58564753818558,133.0073451979101,124.10302530540497,2.108189090032753,3.0547335711128185,0.5684976313844405,3.320173781933197,3.2902579685029285,5.114674593429623,0.1563534107920995,0.4149388455269291,0.07972233758917788,141.9512915394242,116.38990279797041,139.4745536813423,URU
23,24,54,69,65,83,22,23,35,56,53,81,22,22,45,83,68,85,22,22,29,48,53,69,-0.43845677937336813,0.06475607314804177,0.6579524084856396,0.030894637966057438,-0.029264776186945184,0.0075761818492428145,0.9571386442686683,0.4843031613798956,0.5610104075300261,-0.9294622049608356,-0.10186285600130549,0.6196338690600522,231.10661353355093,215.6141949738903,190.32338254561355,-0.046331402040469954,-0.01781013867493473,-0.02807795759399478,0.3376867895496084,-1.1570338271279375,-0.13973077546383808,0.022814468847911225,-0.10518974783420365,0.6947777280678852,216.07220032323758,120.42616516840731,156.3606635469974,-0.43845677937336813,0.06475607314804177,0.6579524084856396,2.0445181861529993,3.1844015182430794,0.4462494469174817,4.627644381364844,5.12096136884496,2.8921777140112765,0.1605919645033566,0.4199847796845753,0.07842308732113157,131.15590561392722,57.78998878868556,137.7761807650492,2.03571686539417,3.13965368417162,0.5658381346379924,4.942821628644004,4.383645721208605,2.6770190669387626,0.16155119121726946,0.4133636569253512,0.0994513961211905,134.49678877970888,48.227359023451086,140.68400630100336,CAR
22,21,53,70,66,80,22,22,33,55,46,59,23,21,53,75,75,89,21,22,30,50,58,60,-0.34507697303664925,0.0942374299432068,-1.1446526640052357,0.05962360555418849,-0.10501223109947647,0.023626552843717275,0.9277912092827224,0.5140591062041885,0.230454257552356,-0.800825967670157,-0.05504092575408377,-1.1487866437172773,239.5154066658377,214.52252460732987,181.20946208825916,-0.045689021638743464,-0.09825475303010472,0.003117193407068061,0.7310084093586388,-0.8618153592146597,-0.16009948504005236,0.09419858586623037,-0.04919302907198953,-1.1290406810209423,225.99065535143978,131.73337488219894,200.07849324616492,-0.34507697303664925,0.0942374299432068,-1.1446526640052357,1.8640895132596034,2.949476948124727,0.48497736371772765,4.486088160105566,4.683622406457411,2.723257627022446,0.15791135879065482,0.39293650421084597,0.12800898398900823,129.7753301794055,51.22005421440924,135.39009415665387,1.9192061949157169,2.9666692422865757,0.47707003122808167,5.034185202249696,4.278460169094982,2.0642236412436774,0.16756593415761317,0.39062458561463476,0.10661729306171647,132.96686998571275,42.38745087901072,136.72071629307445,CAR
24,24,58,75,64,92,23,23,38,50,56,59,24,24,63,82,78,93,24,23,37,55,64,73,-0.22625596065656567,0.10459581498871212,-0.10045390127854797,0.03372088979078283,-0.03317035792436872,0.0018434487146464639,0.5678440387613636,0.47360973431060605,0.5211794567979798,-0.7193737489898989,-0.0957519292530303,-0.21915667220959595,224.07001946729798,212.41033497474749,161.08711132630052,0.014169244719696963,-0.03270223057575757,-0.006620540452777775,0.5787930674898989,-0.6422042961439393,0.18723146940909088,0.241957314375,-0.011264569141414143,-0.048052841301893946,243.04898158156567,118.46658241161616,205.1804942938826,-0.22625596065656567,0.10459581498871212,-0.10045390127854797,2.097367988404746,3.189366641981983,0.45687758378909404,4.607878883709274,4.7520251183312645,3.5744832266956545,0.15843606230787016,0.40831625375604946,0.07935627236840342,133.22692334895046,51.32088828125525,138.94894805440762,1.6263992386362967,2.8230520770627527,0.528571882307921,4.532677080104712,3.770711284052739,2.2181555233024746,0.15118910507726424,0.35645384505494193,0.09212321074771386,128.87599332990666,35.38818905957665,144.78493193482143,CAR
21,23,29,72,65,76,21,18,22,47,70,58,22,24,34,72,79,77,23,20,25,52,70,54,0.17344858674262736,0.24412761340482575,-2.528081903485255,0.002351097603217163,0.006478596406166225,-0.031448615891420915,0.7491930660120644,1.5170662947319036,-1.533039043880295,-0.352657563002681,0.0733963209424933,-2.4959145938337803,216.69572423981234,263.57428331474534,108.7572918483914,-0.03239509199195712,0.006282767323592483,-0.038089425351058984,1.1932778978954424,-1.9535931684182304,0.7942413925469168,0.7071570432975872,0.04011090850991957,-2.4905574302949063,203.54396398809652,101.90706051300268,224.0846774170107,0.17344858674262736,0.24412761340482575,-2.528081903485255,1.7692923842703674,3.103050334799044,0.7185015619221069,2.376461225980835,4.008389445163692,3.93514282518903,0.13498795916389023,0.4234876220533877,0.08680555722653534,134.97891082330554,109.10390249234577,115.0157717197095,1.965938853300493,3.1639159097869762,0.7658733684506155,3.4489508047204467,3.5687801463693707,5.136780681972571,0.14338104639155613,0.4278116357735747,0.07387860853346823,138.02173813278412,121.67704841185873,137.7132607261044,URU
28,23,59,53,48,79,27,15,29,54,38,88,28,24,29,80,58,35,28,15,28,55,56,67,0.20892939235924934,0.05695852208994638,0.458587468230563,0.04914371073324396,-0.013838305302949072,0.01976834034396783,0.8210944043431635,0.9894251922225202,0.15113372085254692,-0.22612219180428952,-0.17365371827774795,0.29881426715817694,205.75326092742628,242.8578528686327,198.91736305173862,-0.030967388041554956,-0.024352792446380684,-0.004070256483109918,0.13556293567694372,-1.9693138104959784,0.7362584799329759,0.6131046947721179,-0.19525439531514743,0.5898626272117963,197.8589637031367,87.07068947855228,67.15248373694371,0.20892939235924934,0.05695852208994638,0.458587468230563,1.692884315908212,2.8303228989310596,0.5216712294868647,5.493149336046744,5.126067579752797,1.9409044105499742,0.09807454001081822,0.28847038684421167,0.06905871627942817,137.7852922923045,45.933267751959484,155.72813348914815,1.6350726695800202,2.8657365885628447,1.0621014796972588,2.591517517691836,3.6821567168090934,6.469473673188368,0.08793707447360292,0.29361105971713464,0.10355174962824473,139.01096500478064,79.74954982376012,90.69742714097626,QUI
28,24,55,57,40,79,28,16,23,56,37,95,28,26,40,65,58,64,28,19,32,57,65,80,0.12807265637319315,0.05515420053575558,0.3667548006570302,0.04351065208094612,-0.02614713158449405,-0.015542946019448098,0.7835999818094611,1.2300103811695138,-0.08731155274804209,-0.3277954413009198,-0.222390914095795,0.3122585600525624,195.92259510118265,258.25196465177396,232.99584782335086,-0.03860283236399474,-0.032177380595269374,-0.016384982700525623,0.09824905927595266,-1.8821769358672802,0.8562458632641261,0.5661835064388961,-0.2372405889856636,0.4056451239159001,186.25139043758216,94.86208264651773,59.32812899159001,0.12807265637319315,0.05515420053575558,0.3667548006570302,1.7402192765559268,2.829484512146331,0.5190796068159027,5.509185410458701,4.935059145976311,2.5534933996370115,0.10546120057796528,0.30162947070553575,0.05790216360781355,138.62818574647162,46.51075993266503,147.04387152046652,1.8437697038345826,2.8782215692368887,0.6969354543107704,4.544379831320109,4.136227125622828,4.942789552019099,0.10508085751196075,0.30540594279724564,0.06855704092779664,139.6351935512355,77.09350917747113,85.78899951272324,QUI
29,19,35,62,56,74,29,15,29,54,49,92,30,26,30,92,77,61,30,20,30,59,82,64,0.21769388326848252,0.07037231746108949,0.6047171129701686,0.032443126845654986,0.03540991468223088,0.014670879452658889,0.619881915230869,1.1117973062671855,0.2616662696238651,-0.1723890886220493,-0.20098539029623863,0.3139915295719844,192.56498409297018,240.35992827496756,255.8364949263593,0.007575586428793776,0.01477652905577174,0.0030263194797795086,0.19005741542153048,-1.7861788093613489,0.28113901520103757,0.5254406291828794,-0.18084832576783397,0.8932036704280156,208.83914432892348,80.19080167444876,64.363491507393,0.21769388326848252,0.07037231746108949,0.6047171129701686,1.604802741248226,2.909471910611606,0.8882851509486611,4.703830104044334,5.026565280666413,4.275123021602,0.09193996815045057,0.2990004451886241,0.10257320718622386,139.23510160794567,42.964537229480996,135.40521329907432,1.2468722101536327,2.8590268166377952,1.4709992365974698,3.3136625855708504,2.7024319058895907,6.553231907877114,0.0699662330406132,0.29303572266380457,0.12259738032278215,139.36914459774584,105.74816473973799,81.1101308365606,QUI
22,24,31,72,62,76,21,18,24,50,64,54,20,24,29,76,76,71,21,20,24,50,66,51,0.11493041510928963,0.2422933618852459,-2.478658927595628,0.04066367499863388,0.08307703213797812,-0.012057855796857928,0.7633479436174863,1.617440994385246,-1.242369877296448,-0.41345411076502736,0.07188810749180329,-2.4862443319672134,224.27651812937157,253.09796892349726,118.4422177443989,-0.056712403946311475,0.08398398309289616,-0.014512301266803284,0.8770963073620218,-1.868812402240437,0.5594973003319672,0.6469048566939891,0.06236444933907104,-2.426600569672131,212.88920002650275,106.10878059698086,207.1616298358949,0.11493041510928963,0.2422933618852459,-2.478658927595628,1.8401592867689276,3.07887119722486,0.6121140461767538,2.6915216589754554,3.9183758424888304,3.823774347675034,0.1418022297530426,0.4275801271744592,0.09969755600544444,132.80385680316883,109.6110064954813,119.92076597308576,1.9096330776438295,3.151574430079802,0.7468756709006574,3.096846409545356,3.422372441637264,5.264882844410957,0.14827304714523543,0.4312651231068581,0.08009822050978234,136.09024096993065,118.62411399903827,142.05339297348348,URU
22,24,59,69,66,80,26,25,39,50,44,62,24,23,56,92,70,91,23,23,39,59,52,60,-0.4480272178010471,0.09486820154174083,-0.14851919184554974,0.008263196871465968,-0.1266468987434555,-0.011350596375654456,1.2950551444463352,0.43872292599476437,1.017878133106021,-0.9558368662303665,-0.12787185092146594,-0.19713740760471204,230.37566656492146,222.741887539267,164.7078657902487,-0.012272191301047126,-0.10052249408115185,-0.01913356739253927,0.6947561894502617,-0.7452544755840314,-0.17370274856413612,0.04405521543717278,-0.07629854504253927,-0.1471529498062827,228.68988890850784,123.6287744764398,184.53382730278796,-0.4480272178010471,0.09486820154174083,-0.14851919184554974,1.9615162355671958,3.0461547209569613,0.46783139056634043,4.613565265381346,4.630542887927062,2.9515864515982333,0.14311190797888212,0.39650919634875004,0.07498749137302708,130.92511109268165,62.573056968499735,140.7917548318022,1.7960605344249703,2.9294139256948433,0.4205990165071418,4.833028507934634,3.7983319899865187,2.6752257919253797,0.1394691837118993,0.3788227424426105,0.07047101670079008,136.87260242683345,34.99752289978536,145.15313519114412,CAR
21,23,46,67,70,80,21,21,34,55,48,57,22,22,47,70,66,83,22,22,32,57,43,60,-0.3118894143589744,0.09944043268974871,-0.8906603346153847,0.004470415814102579,-0.02664950700000001,-0.011722925119230768,0.6694273571520514,0.21823281511538467,0.36521771578205126,-0.7620044503846155,-0.04908527183910257,-0.8917078046153847,254.6383478638205,206.0442953846154,189.8199660429487,-0.025520644608974324,-0.007095405960256384,-0.02300524065684615,0.5248087799615384,-0.7455611966025641,-0.5406748734153846,0.12276961934358975,-0.05489660551551282,-0.8495373174358974,224.64510283871797,131.67995671794873,164.29449856335896,-0.3118894143589744,0.09944043268974871,-0.8906603346153847,1.8626723221393746,2.9761927111561306,0.4741716024717342,4.459013454109253,4.765962928632235,3.100995257441569,0.16231071765455643,0.3953200456642709,0.09271298952047247,125.00322926244058,51.41823163899443,130.89082238955424,1.9962347609218163,3.0850728038840805,0.5137882067797329,5.1208533324969245,4.4996000741054845,2.1558264087624464,0.17121781176787962,0.40602860707892513,0.09897811038467107,132.01786188321495,44.4563596778362,137.2953720310802,CAR
23,23,57,65,66,79,23,23,37,52,49,62,22,23,51,87,66,82,23,23,38,51,44,50,-0.5458402017038008,0.09583454997104848,-0.41510062896461336,0.05148591157667104,-0.05127986947968547,-0.001270620268676278,0.9422785342220183,0.5348739949410224,0.28167779527653997,-1.0070645500655306,-0.051252624047444295,-0.4295967325032765,235.3288495299476,218.30039796854524,177.91729609609436,-0.052345560394495415,-0.02808911147313238,-0.014550773584505896,0.45288210745609425,-0.854777073706422,-0.12919954362385325,-0.10222636958414154,-0.053287891246657934,-0.4446631820445609,227.9311890415465,136.62580370904323,200.33792893328965,-0.5458402017038008,0.09583454997104848,-0.41510062896461336,1.9289515113967934,3.0326633981489577,0.5141521445081612,4.770861727995687,4.991702056457493,2.821996572825802,0.15802172505600687,0.3909225142966252,0.06785288706975258,130.868247738298,53.85161195572411,135.47641204632706,2.023794829625601,3.0421290663912424,0.4459644079989317,5.389238308881354,4.351960530763225,2.5503246587398247,0.1690538806041819,0.39096466224957666,0.046817628277139194,133.3812865513744,39.65271534978335,133.2223252295545,CAR
23,24,52,67,73,81,23,25,27,48,68,80,23,24,53,83,67,88,22,24,31,44,65,86,-0.3922726974834437,0.10331068211743046,-0.02007470227788079,0.04373426162913908,-0.020303172521854297,0.007414026554966884,1.9949147626754966,0.9776326655655628,0.6330352219006623,-0.8297818622516557,-0.053875509451258276,-0.0030743467964238326,235.3445907352318,236.28611192450333,167.6016767437351,-0.05162236099735099,0.0029918694344370565,0.009553248513509936,0.9529524616953643,-0.8547943962993377,-0.23835432566092715,0.04290168005788079,-0.023134384530198678,0.0238563155525669,227.09115627682115,113.84999153377483,215.69904410699337,-0.3922726974834437,0.10331068211743046,-0.02007470227788079,1.94681815798205,3.022780218071694,0.5212155980055743,4.755939291049137,5.215675307730645,3.2264027640240203,0.1456807535059167,0.37955388922621625,0.1258339643836469,125.86029206276325,95.04728858252874,140.06666616034673,1.8278073528011776,2.9678274131454723,0.5098134184190225,4.661963891801227,4.195158548129572,3.058364144611379,0.14332696988588128,0.37197641877603865,0.13468913189490525,128.82136995921596,52.138471371622515,143.63047533240663,CAR
29,17,30,71,57,66,32,16,30,43,44,92,30,21,29,78,71,54,29,19,29,53,52,80,0.3202478154440154,0.0588070482894466,0.8290201770913773,0.03692717834234233,0.07422588953693694,-0.02788447517220078,0.2236661878597169,0.9289109150965251,0.24831905922522524,-0.08092103944379664,-0.26467198554462035,0.5155973382239382,177.20201924054055,238.64844200772202,278.5968460616474,-0.027074846350064356,0.059712555138996135,-0.0681834985083655,0.016601756104247124,-1.6823383908790217,0.07879150985842986,0.6568913942084942,-0.2580051051284427,1.1460449683397684,175.11497847586872,57.5658617966538,87.31440358674391,0.3202478154440154,0.0588070482894466,0.8290201770913773,1.2502606818183908,2.608539821350697,0.9826593728087551,3.8853037541649225,3.5476939354440535,4.701781381785882,0.08279774925866602,0.2733636834961501,0.11232035708377681,142.94530507920612,21.615688920661835,133.0393192061322,1.1812051893531925,2.7402052382232713,1.3729987293106145,3.043040896507012,3.200437120191259,6.4720886361609855,0.09856027733444996,0.2860284955848216,0.11762119117432743,141.97761695408954,43.708012451763594,120.882934650443,QUI
31,19,33,62,64,72,28,14,29,56,50,81,29,29,29,89,66,66,28,26,28,58,71,79,0.4434387696169088,0.056453469886129454,0.9468614793923382,0.05871275438177015,-0.039225052237780694,0.029823640610964326,0.505035929326288,0.6730235447225892,0.6351802796565389,0.060344326459709385,-0.24397560316122852,0.6254403040951123,192.33657338863938,219.54532980184942,267.3800325785997,-0.010748789426684289,-0.05723078500660501,-0.03296193261439895,0.3501443066125496,-1.765498832314399,0.47076379341611624,0.7734280183619551,-0.1963010945224571,1.2503145611624833,203.47193690039634,79.44569568758256,82.93982041228533,0.4434387696169088,0.056453469886129454,0.9468614793923382,1.6852278723764127,3.104457341886706,1.0716494255688023,3.588568319217213,4.685842969511628,5.384791908527107,0.1063698367065322,0.33316805631103247,0.10865063170687206,140.03693593616623,35.51552481697204,110.45611961321372,1.2886451391578166,3.052204409407589,1.7223589104011452,2.867967172017301,3.562853952525123,6.76167176667582,0.1003761808092506,0.32272019223037035,0.1340128169631753,139.99907694857248,86.41955811752244,100.23808940818964,QUI
35,12,42,84,72,72,23,12,26,48,86,57,23,15,35,76,79,67,22,11,24,44,77,50,0.043950685370510466,0.24356030314136126,-2.432879763089005,0.052290738742146604,-0.06528263743324608,-0.010762660924345552,-0.21837419593514404,1.3834740287789267,-1.0546399510929318,-0.4990444418848168,0.059786428427696325,-2.3857681361256544,216.64481203009163,307.4794574117801,96.44297905235604,-0.06013627806806283,-0.06597081667408378,-0.028416572174083773,0.4748822716374345,-1.7376912464031413,0.5578019544424085,0.588357155104712,0.02715793508900524,-2.3981465353403144,200.4117786393979,65.21466857447645,212.6333618705105,0.043950685370510466,0.24356030314136126,-2.432879763089005,1.2762724887678236,2.7945738312617943,0.5779730715928454,2.048184871287796,3.4695200481298434,3.647118663537158,0.09898236321604882,0.38610957859466466,0.05812721519082003,140.9335432084927,70.60416532835933,116.59509112370587,1.509064227081862,2.8880011576910922,0.5497376291621751,2.2482804223740787,2.7542965019544514,4.651077275667972,0.11875810624537599,0.3990570761591717,0.050100999229747846,144.994546130499,104.37683213654945,143.66876029063422,URU
29,16,31,65,59,71,30,16,28,46,48,74,30,23,31,84,75,56,29,26,29,53,40,84,0.40187887201540434,0.0618883955926059,0.936053306546855,0.04040898811810014,-0.04397314539281128,0.03966160537971758,0.5219115541335045,0.6709221026251604,0.3968283634274711,0.001215968629268288,-0.2819469869566111,0.6176543690629012,188.0423521462131,234.4182549935815,286.9465039849807,-0.02538998347997433,-0.04994250764056481,-0.02666823721052632,0.13365063715019257,-1.647802575609756,0.39686056865211816,0.7076016697047496,-0.25560788448844673,1.2342855620025674,184.66726255075736,47.60457406546855,85.79434741732992,0.40187887201540434,0.0618883955926059,0.936053306546855,1.3162486234434356,2.6219483783203095,0.9904111924535153,4.026217133549825,3.831140479918543,4.514447359310894,0.09159815770200369,0.2787619806473386,0.09717069017682158,142.1391721262683,26.472499123334718,111.75693205476594,1.1023062949644489,2.667955546930245,1.4104090888985168,3.361894506552476,2.7811886934974677,6.024039512964027,0.08946232439472625,0.27996916017256807,0.0957854976374039,141.89138767635507,42.09413243587054,123.68152725551454,QUI
20,18,33,75,73,71,20,13,22,45,74,47,22,22,27,78,84,68,21,19,21,47,58,47,0.012398547456791385,0.2384328943472409,-2.496273452220727,0.013013992606998648,0.09952218181830419,-0.03238661078037684,0.14533088678923284,1.463512388670256,-0.9569430209152087,-0.4671562323014805,0.08781431689542396,-2.4777444104979813,218.81936315652757,269.7932964974428,123.76475375585464,-0.009970078663795422,0.10036193974966351,-0.038725209169582775,1.0474492459382234,-1.5176410036998653,0.5054538219650068,0.49912360551816964,0.046156268102691786,-2.4308667900403766,196.08069102952896,102.94304596886944,201.4003516923284,0.012398547456791385,0.2384328943472409,-2.496273452220727,1.4090173670898636,2.8586247664830733,0.6830786213797005,2.538884789271425,3.389385265181035,4.202700209063271,0.11930359793985687,0.40813329875175863,0.07817243645149186,138.31949507363154,119.6967658488163,127.38871236708059,1.6675213064131105,2.967749230172376,0.8241684040344365,2.714675832736898,2.5234397636879056,5.288403870579795,0.1382400203870084,0.4223756013435793,0.08796529808639061,144.0408983435163,135.06186413290123,138.62649175716192,URU
28,17,30,72,62,75,28,15,27,54,46,77,28,28,28,91,70,61,28,26,28,57,61,79,0.4679640293010753,0.06048975395033602,1.0587688685483871,0.04909594421854838,-0.01694459185215055,0.015845886162634406,0.44211231922043015,0.6009550265282259,0.3059925331465054,0.06587024124051075,-0.21363741782963708,0.7327876259408602,204.97669165913976,218.956042405914,257.7278019069371,-0.0008525254784946203,-0.03975426729569894,-0.030676940985887087,0.21425736885752691,-1.4248202649598118,0.6226356471774194,0.799590283467742,-0.17194976369126344,1.3300587715053764,214.59924105658604,75.37750005779569,87.51849359846774,0.4679640293010753,0.06048975395033602,1.0587688685483871,1.4360065680681229,2.8987269601797423,0.9550289195606261,3.574704921448032,4.159802480636212,5.033606124344158,0.10350541316252945,0.306705871287246,0.0822649591262975,140.57853424685445,33.79190437446968,126.95457186316985,1.16760631851874,2.903620170943087,1.516001804320925,3.093056737329717,3.2977046905204266,6.372637902616688,0.09152551558317369,0.3014051338692874,0.1025506822049144,137.73842360159404,72.09445727573751,114.78796589759716,QUI
29,21,31,74,64,76,30,17,29,46,56,97,29,24,30,86,69,55,30,24,30,54,51,79,0.38810753901515155,0.0592940833885101,0.841842151010101,0.0336176950060606,0.005089295713383852,0.026889095208712122,0.4161707048409091,0.7733894498383839,0.37196694241161615,-0.043674805243686866,-0.23954536146931818,0.5530128878787879,183.26741922210857,245.0980053030303,267.82617850868684,-0.007946740536616162,-8.742463383843497e-06,-0.0009111855618686874,0.20877898259406563,-1.5913334087487374,0.46585106228661616,0.718004852651515,-0.222877075780303,1.1227697215909092,186.71743985416668,59.64202896464647,100.34833542669192,0.38810753901515155,0.0592940833885101,0.841842151010101,1.2602099720404214,2.4970834802920856,0.7776468349817198,4.364312531207241,3.6202977521164375,3.945639440353256,0.07409666709790216,0.2571400036879736,0.11216255412153164,144.39824697590993,23.356895575293358,143.18271105824408,1.1039083211073977,2.6229339071474596,1.2762742470929769,2.6237199858614373,3.0759053471549516,6.360613473615379,0.06580716153246136,0.2694571827844079,0.1370294646150796,143.62134867664852,38.25455088421785,132.47492044190568,QUI
22,25,46,65,56,86,23,22,29,51,53,79,22,24,50,73,68,83,22,22,36,55,55,70,-0.3560264578734858,0.09539745714266487,-0.15849052131763122,0.03046774371601615,-0.045374466189771215,-0.028000314781965,1.4014548074427995,0.6999064287846569,0.9015005818290713,-0.8370201558546434,-0.1240688741601615,-0.14059770736002694,220.47327104024228,226.2262977254374,199.10113344938085,-0.03008451549394349,-0.030854916010767185,-0.03130566970222072,0.7492557411224766,-0.8326866308869448,-0.24372661231359355,0.07888194285531629,-0.0955710058667564,-0.11887522406218035,227.1655341297443,125.36914236877523,152.11623816983848,-0.3560264578734858,0.09539745714266487,-0.15849052131763122,1.903902910541189,3.002296824146995,0.5814660142482103,4.977445693906353,5.126842525624207,2.762323036211919,0.13968077091009687,0.39112908507102195,0.16780550166395491,133.33830464943452,68.74334817979023,139.0098259589038,1.775856963487471,2.932610301801713,0.5302333979380979,4.836388499962387,4.267478049398741,3.0092898741156784,0.13488487031418714,0.3798026327969578,0.13824357298590428,132.75694831707574,49.81148800072881,137.08015291460086,CAR
23,23,58,72,58,84,24,22,34,52,51,57,24,24,50,80,70,84,23,21,36,60,49,43,-0.4647526488188976,0.09417759539169948,-0.14105615621614173,0.009590280776902896,0.08022045885787402,0.02577314223097113,0.602267371535433,0.42694283509186354,1.1598813946154853,-0.9705458458005249,-0.16042609704960628,-0.1879769912019029,214.13847921985567,216.9913737532808,183.49943784842517,-0.0370018202335958,0.08246147906167978,-0.008304385114566928,0.17921053363910755,-0.8521160711548558,-0.11465875413385827,0.013986957538307088,-0.12309119587664041,-0.15971891330091864,234.55721584251967,134.57249291338582,187.43443162290026,-0.4647526488188976,0.09417759539169948,-0.14105615621614173,2.004084487254584,3.1211068205317476,0.5787946026434031,4.784773507322327,4.927840832667348,3.3699474660143656,0.14728302777683153,0.41540723130828683,0.13220043983080593,138.851953091298,53.44417801126803,139.18897561969547,1.7120876170133812,2.9337974592209175,0.47180411785389953,4.994973478096347,3.81313269337554,2.3142988655503367,0.13714893407860712,0.39321000812780144,0.12443429798619139,138.27336714284277,27.848272157286768,138.98825995319302,CAR
22,22,54,66,74,75,22,22,30,53,48,56,22,22,59,83,75,83,22,22,36,51,57,46,-0.3807780464237516,0.10423458777908232,-0.5311223039136302,0.03748261149122807,-0.039421928908232096,0.0024655759554655854,0.7102084991754386,0.3474625051673414,0.5097275866572201,-0.8454138929824561,-0.026122755094601897,-0.5564099418353576,252.52841603603235,210.59261943319837,181.48667221700407,-0.03242598412955465,-0.02521349352631583,-0.0026248386260458783,0.47134591585695,-0.7836064048178137,-0.5695419515924427,0.07477229963832659,-0.013294826313090423,-0.5567670055330635,230.1956088940621,136.8617755060729,200.83480747693656,-0.3807780464237516,0.10423458777908232,-0.5311223039136302,1.9305498901734037,3.069931882705449,0.4876355962463937,4.360966146342773,4.580988591518056,3.151587297960353,0.16115966612673033,0.3887219699008527,0.07373961968947904,125.65114019063775,45.480961410359335,135.5923857242184,1.973545573339483,3.039601282469756,0.42386629671285275,5.079428799467153,3.734257073564507,2.8652645169686513,0.17047181644733586,0.38262027463917664,0.05445566574759923,137.513929795324,29.060607862625172,137.97302872965224,CAR
21,21,39,68,58,81,21,13,24,54,66,55,22,23,22,77,87,86,21,21,21,48,69,79,0.002371196292086139,0.05855168180094213,-0.06269749622516824,0.010492962846837135,-0.13410039966756393,0.008890345437146698,0.6599194639676985,0.8954173095962314,-0.24204007962718713,-0.44720140040376855,-0.18580254634737547,-0.3983819600269179,227.92826640376848,240.3831309835801,121.80488595060567,-0.010276399002691802,-0.12326956899057875,-0.017971352001345895,0.08608252318304176,-0.9529501801991924,1.039125473755047,0.33173618371467023,-0.18465873420686407,0.30436213278519514,189.376990815074,244.1349302431494,164.39207530709285,0.002371196292086139,0.05855168180094213,-0.06269749622516824,1.6485542021906845,2.8798666641562636,0.6966425172805397,4.386107649553527,4.392197282704346,1.8827486350294373,0.13721177293950923,0.41023166273317185,0.1092283914429315,133.85231367307605,105.83693697984624,127.34209298768944,1.1296777958257418,3.066443887306233,1.8686183933206906,5.818605427699221,2.75724864855164,3.3038942297830696,0.10820490076578343,0.43075049200218607,0.1472899014161675,140.22864587843162,146.0316642791515,154.21734935933523,URU
30,19,35,74,57,73,33,17,32,53,56,80,30,27,30,82,91,65,30,24,30,59,87,85,0.38751230200534764,0.05346035445906417,0.8924421228609626,0.03914134404144386,-0.029060428628128326,-0.001184390200534763,0.6484549736163102,0.6666679034237969,0.6246352625949199,0.018048002825935827,-0.21101251641136365,0.5436918890374333,202.50223706684494,218.99344263368985,266.57335349037436,0.009812916794117648,-0.03231510600000001,-0.020254308529411767,0.7804674958556151,-1.8289306974010695,1.0551388581951873,0.7045146679144384,-0.16991586229679143,1.1974057072192514,210.92531342657753,82.70138572994652,122.14687473489306,0.38751230200534764,0.05346035445906417,0.8924421228609626,1.7000737984025889,3.1198318006587047,1.1640445712411362,3.8911890374345313,5.176381360218233,5.43796323254014,0.11432745521874665,0.30928543934866265,0.08257045500669893,138.83693959493735,42.73992359676618,113.70004174870668,1.2455931776618374,3.073732991236429,1.782882662197348,4.875040331434269,2.767631108915554,6.241404270319303,0.08456828764539082,0.30003685108521866,0.1405363214701579,139.43409539254873,109.35660030695973,136.8194062708707,QUI
21,23,32,75,68,85,21,20,22,54,69,48,23,22,55,71,77,76,22,21,29,48,70,83,-0.06475767620833334,0.24592824580645162,-2.2056966975806453,-0.008255282235215036,-0.08111267782661286,0.004373604370564513,1.6988728930452957,0.9325048222732528,-1.647101709400538,-0.586484115860215,0.032315235313844094,-2.152278995967742,230.51039844798385,238.18128012944894,133.74140657432795,-0.02412252136827959,-0.06960614393991933,-0.010318585857526878,1.2686598092379033,-1.3333334054973118,-0.15933384495967745,0.47040069868279566,0.017929198619758065,-2.246720930107527,199.61748372499997,103.74319213010754,138.0143003918011,-0.06475767620833334,0.24592824580645162,-2.2056966975806453,2.1707450570752846,3.154486122790686,0.7554492656068614,2.9209343725971415,4.430407228770197,4.389174040645809,0.16345147413387806,0.44050571629073393,0.10309341340863436,136.691003568832,133.4884175209603,130.69238918098233,2.4553850476028343,3.2832195017609527,0.48393240268037374,4.047709335993483,4.183192071339227,4.788172031734518,0.18268274755749764,0.4479528825507135,0.05348451227935918,138.04038249271437,101.86526185947648,144.28684353804528,URU
31,20,32,67,56,77,30,16,29,56,57,94,31,32,31,92,85,64,30,22,31,62,73,80,0.6038656833333333,0.05660985573179013,1.158578425925926,0.029073907114814813,-0.014474042656790117,0.013148356895061728,0.5023890953617284,0.76051744035679,0.32699925858024687,0.2134455279506173,-0.25403406167037035,0.8233093927160494,193.39706167950615,223.0091203888889,272.2652085044321,-0.0029986245075308625,-0.04395016688888888,-0.026719529811111108,0.17637563701111109,-1.5555080226014322,0.5374102438518519,0.9259481725925927,-0.20503537024074073,1.4420522777777776,208.7067045647901,82.41859689777777,79.09137835053087,0.6038656833333333,0.05660985573179013,1.158578425925926,1.4702032095708077,2.9133445769644606,1.1000153918038718,3.9580515759347548,4.567337624373685,5.093223625506764,0.09870063646515889,0.3149991058527833,0.09069243977766939,138.80104170432207,48.818696486191335,118.42278832178013,1.2383644541715106,2.8917211198362844,1.5682777403248993,4.030089322024179,3.116585463104845,6.3549569075945005,0.08648986791868618,0.30585526520878925,0.11971935462305298,138.65969369545394,95.90454951790282,103.98227121718875,QUI
28,21,31,60,59,77,28,18,28,54,44,74,30,25,29,87,55,50,28,22,28,59,60,74,0.5445303793923383,0.05748309640826553,1.0276596527080581,0.04473396007926024,0.011955487564464977,0.028489246754293263,0.7317281412945837,0.5816773677133421,0.24966662435931308,0.16061339175947162,-0.23936860520990752,0.7001323261558785,204.92456100457068,211.4792080713342,255.40780417437256,-0.017949325492734484,-0.001123446931307803,-0.020121825171730508,0.050037799504623504,-1.7967813760766183,0.5021580993117569,0.888581240686922,-0.20602421428428006,1.302147928665786,203.53136748877148,74.35705121400264,96.18395292216645,0.5445303793923383,0.05748309640826553,1.0276596527080581,1.692608791275988,3.015477338177248,1.096367862234429,3.981083665507947,4.9553957636169645,5.168234541089501,0.11735398820854512,0.32880102694262636,0.1028355224199718,138.2755462055477,41.95505522145735,115.89461512477554,1.3852385968391725,3.071588650750847,1.7177513468366457,2.4845030860243345,3.9141466160741483,7.0884510303351735,0.09954492345524754,0.3261839037178989,0.12156917651813436,137.94904164961576,68.87032034067889,113.2106863976942,QUI
29,21,31,64,58,75,32,19,29,53,54,86,33,28,29,86,79,70,30,23,30,58,75,81,0.3858684277188329,0.052646987404376656,0.9361946586206896,0.0399112188209549,0.05765540918567642,-0.00016391607586206143,0.7385463643687002,0.9954312651618037,0.08875451963793102,0.029990414365649868,-0.22691208577466843,0.6170828293103447,196.92576709774536,220.08133322281165,279.029932265252,-0.003769465436074268,0.03199652582095491,-0.03053579043633953,0.5647165019429707,-1.8906334035039787,0.3849300401458886,0.6893464940318302,-0.19430304359668435,1.2607182468169762,211.12698063356763,81.1106888862069,78.62915800862069,0.3858684277188329,0.052646987404376656,0.9361946586206896,1.6800750034303247,3.109589790351018,1.1180441180455771,4.035838935648579,4.815403835110131,5.146853144300892,0.12511378978654678,0.3168890824332342,0.10653112299271604,138.872837875632,46.60193158813122,105.15274389799436,1.2582588598451763,3.1002247204357314,1.8214890520578046,4.646513438569628,3.2579709773792227,6.288853743626738,0.11424004477443607,0.31528699086597206,0.11521085076728248,138.3577063596866,99.35012680674708,100.64224737894159,QUI
23,22,55,64,65,86,24,22,30,50,48,65,24,22,59,75,69,77,22,23,36,55,60,78,-0.3510576047619048,0.09892811547989418,-0.3253521121693122,0.01664396196031745,-0.1388746993835979,0.029461044284396828,0.902885540547619,0.3760963057142858,0.5282198111842592,-0.811163392063492,-0.017850953652116402,-0.3527051716931217,248.67240799973544,214.35309076719577,133.95763411986772,-0.048588982801587306,-0.12248722647354496,-0.001122960248280424,0.9049580472751323,-0.9126000190291005,-0.4794211442116402,0.09933268768677249,-0.004224764839444443,-0.34311523835978835,219.95903586584654,120.04558574074072,258.57697105,-0.3510576047619048,0.09892811547989418,-0.3253521121693122,1.8787495736134818,3.0313399915653862,0.43847700164092845,4.555577422565709,4.87515826512508,2.7303851726822397,0.17186293576714018,0.3926148464842934,0.08834012869059721,124.49303088081751,52.642468849404466,126.81732772081621,2.0186504145817867,3.135359156448617,0.4552746306873752,5.045686599295069,4.612739995207324,2.3501718974913715,0.1771414584886367,0.39632121400614884,0.09441749918841763,130.74213186921972,50.07633913717189,119.16982368473481,CAR
24,24,60,79,55,88,24,23,34,52,51,66,25,24,62,85,68,86,24,23,36,59,46,54,-0.4321532288659794,0.09559014289072165,-0.0545696885833763,0.011087878907216502,-0.041745735070876304,0.01119481930992268,1.1127293619845362,0.43243456100644323,1.0061930262048968,-0.9525072677835051,-0.13392556481198453,-0.09717093770747423,218.8195484259021,221.43599639175258,145.86574416069587,0.008845015534793822,-0.03404519867912371,-0.006162751222938143,0.6719071040592783,-0.6595647178145618,-0.06410621073195871,0.026143668176030928,-0.0843299661003866,-0.08425338386729381,238.35009007925257,135.5137817783505,192.71227976572163,-0.4321532288659794,0.09559014289072165,-0.0545696885833763,1.9933813679938037,3.1445619643745286,0.5155405904718576,4.962487480705175,5.1263738955953855,2.9274705158189525,0.14122129277477513,0.3976540330401005,0.08488357266453628,136.5114842775212,53.4712845511377,136.87442899483125,1.6961260684450947,2.930055269938006,0.44861152256583886,4.9042114234825736,4.251284424358464,2.7158735525079334,0.12783764349266175,0.36769452247980206,0.08574270436591296,133.57654050042098,37.585761721810584,138.83783593171657,CAR
